ID,Language_ID,Parameter_ID,Value,Code_ID,Comment,Source,Source_comment,Coders,,,
GB020-stan1288,stan1288,GB020,1,,,
GB021-stan1288,stan1288,GB021,1,,,
GB022-stan1288,stan1288,GB022,1,,,
GB023-stan1288,stan1288,GB023,0,,,
GB024-stan1288,stan1288,GB024,1,,,
GB025-stan1288,stan1288,GB025,3,,,
GB026-stan1288,stan1288,GB026,0,,,
GB027-stan1288,stan1288,GB027,1,,,
GB028-stan1288,stan1288,GB028,0,,,
GB030-stan1288,stan1288,GB030,1,,,
GB031-stan1288,stan1288,GB031,0,,,
GB035-stan1288,stan1288,GB035,1,,,
GB036-stan1288,stan1288,GB036,0,,,
GB037-stan1288,stan1288,GB037,0,,,
GB038-stan1288,stan1288,GB038,0,,,
GB039-stan1288,stan1288,GB039,0,,,
GB041-stan1288,stan1288,GB041,1,,,
GB042-stan1288,stan1288,GB042,0,,,
GB043-stan1288,stan1288,GB043,0,,,
GB044-stan1288,stan1288,GB044,1,,,
GB046-stan1288,stan1288,GB046,0,,,
GB047-stan1288,stan1288,GB047,1,,,
GB048-stan1288,stan1288,GB048,1,,,
GB049-stan1288,stan1288,GB049,1,,,
GB051-stan1288,stan1288,GB051,1,,,
GB052-stan1288,stan1288,GB052,0,,,
GB053-stan1288,stan1288,GB053,0,,,
GB054-stan1288,stan1288,GB054,0,,,
GB057-stan1288,stan1288,GB057,0,,,
GB058-stan1288,stan1288,GB058,0,,,
GB059-stan1288,stan1288,GB059,0,,,
GB065-stan1288,stan1288,GB065,1,,,
GB068-stan1288,stan1288,GB068,0,,,
GB069-stan1288,stan1288,GB069,0,,,
GB070-stan1288,stan1288,GB070,0,,,
GB071-stan1288,stan1288,GB071,1,,,
GB072-stan1288,stan1288,GB072,0,,,
GB073-stan1288,stan1288,GB073,0,,,
GB074-stan1288,stan1288,GB074,1,,,
GB075-stan1288,stan1288,GB075,0,,,
GB079-stan1288,stan1288,GB079,1,,,
GB080-stan1288,stan1288,GB080,0,,,
GB081-stan1288,stan1288,GB081,0,,,
GB082-stan1288,stan1288,GB082,1,,,
GB083-stan1288,stan1288,GB083,1,,,
GB084-stan1288,stan1288,GB084,1,,,
GB086-stan1288,stan1288,GB086,1,,,
GB089-stan1288,stan1288,GB089,1,,,
GB090-stan1288,stan1288,GB090,0,,,
GB091-stan1288,stan1288,GB091,1,,,
GB092-stan1288,stan1288,GB092,0,,,
GB093-stan1288,stan1288,GB093,1,,,
GB094-stan1288,stan1288,GB094,0,,,
GB095-stan1288,stan1288,GB095,0,,,
GB096-stan1288,stan1288,GB096,0,,,
GB098-stan1288,stan1288,GB098,0,,,
GB099-stan1288,stan1288,GB099,0,,,
GB103-stan1288,stan1288,GB103,0,,,
GB104-stan1288,stan1288,GB104,0,,,
GB105-stan1288,stan1288,GB105,0,,,
GB105-stan1288,stan1288,GB107,0,,,
GB108-stan1288,stan1288,GB108,0,,,
GB109-stan1288,stan1288,GB109,0,,,
GB110-stan1288,stan1288,GB110,1,,,
GB111-stan1288,stan1288,GB111,1,,,
GB113-stan1288,stan1288,GB113,0,,,
GB114-stan1288,stan1288,GB114,0,,,
GB115-stan1288,stan1288,GB115,0,,,
GB116-stan1288,stan1288,GB116,0,,,
GB117-stan1288,stan1288,GB117,1,,,
GB118-stan1288,stan1288,GB118,0,,,
GB119-stan1288,stan1288,GB119,1,,,
GB120-stan1288,stan1288,GB120,1,,,
GB121-stan1288,stan1288,GB121,1,,,
GB122-stan1288,stan1288,GB122,0,,,
GB123-stan1288,stan1288,GB123,1,,,
GB124-stan1288,stan1288,GB124,0,,,
GB126-stan1288,stan1288,GB126,1,,,
GB127-stan1288,stan1288,GB127,0,,,
GB129-stan1288,stan1288,GB129,0,,,
GB130-stan1288,stan1288,GB130,1,,,
GB131-stan1288,stan1288,GB131,0,,,
GB132-stan1288,stan1288,GB132,1,,,
GB133-stan1288,stan1288,GB133,0,,,
GB134-stan1288,stan1288,GB134,1,,,
GB135-stan1288,stan1288,GB135,1,,,
GB136-stan1288,stan1288,GB136,1,,,
GB137-stan1288,stan1288,GB137,0,,,
GB138-stan1288,stan1288,GB138,0,,,
GB139-stan1288,stan1288,GB139,1,,,
GB140-stan1288,stan1288,GB140,1,,,
GB146-stan1288,stan1288,GB146,0,,,
GB147-stan1288,stan1288,GB147,0,,,
GB148-stan1288,stan1288,GB148,0,,,
GB149-stan1288,stan1288,GB149,0,,,
GB150-stan1288,stan1288,GB150,1,,,
GB151-stan1288,stan1288,GB151,0,,,
GB152-stan1288,stan1288,GB152,0,,,
GB155-stan1288,stan1288,GB155,0,,,
GB156-stan1288,stan1288,GB156,0,,,
GB158-stan1288,stan1288,GB158,0,,,
GB159-stan1288,stan1288,GB159,0,,,
GB160-stan1288,stan1288,GB160,0,,,
GB165-stan1288,stan1288,GB165,0,,,
GB166-stan1288,stan1288,GB166,0,,,
GB167-stan1288,stan1288,GB167,0,,,
GB170-stan1288,stan1288,GB170,1,,,
GB171-stan1288,stan1288,GB171,1,,,
GB172-stan1288,stan1288,GB172,1,,,
GB177-stan1288,stan1288,GB177,0,,,
GB184-stan1288,stan1288,GB184,1,,,
GB185-stan1288,stan1288,GB185,1,,,
GB186-stan1288,stan1288,GB186,1,,,
GB187-stan1288,stan1288,GB187,1,,,
GB188-stan1288,stan1288,GB188,1,,,
GB192-stan1288,stan1288,GB192,1,,,
GB193-stan1288,stan1288,GB193,3,,,
GB196-stan1288,stan1288,GB196,0,,,
GB197-stan1288,stan1288,GB197,0,,,
GB198-stan1288,stan1288,GB198,1,,,
GB203-stan1288,stan1288,GB203,1,,,
GB204-stan1288,stan1288,GB204,1,,,
GB250-stan1288,stan1288,GB250,1,,,
GB252-stan1288,stan1288,GB252,0,,,
GB253-stan1288,stan1288,GB253,1,,,
GB254-stan1288,stan1288,GB254,0,,,
GB256-stan1288,stan1288,GB256,0,,,
GB257-stan1288,stan1288,GB257,1,,,
GB260-stan1288,stan1288,GB260,0,,,
GB262-stan1288,stan1288,GB262,1,,,
GB263-stan1288,stan1288,GB263,1,,,
GB264-stan1288,stan1288,GB264,0,,,
GB265-stan1288,stan1288,GB265,0,,,
GB266-stan1288,stan1288,GB266,0,,,
GB270-stan1288,stan1288,GB270,0,,,
GB273-stan1288,stan1288,GB273,1,,,
GB275-stan1288,stan1288,GB275,0,,,
GB276-stan1288,stan1288,GB276,1,,,
GB285-stan1288,stan1288,GB285,0,,,
GB286-stan1288,stan1288,GB286,0,,,
GB291-stan1288,stan1288,GB291,0,,,
GB296-stan1288,stan1288,GB296,1,,,
GB297-stan1288,stan1288,GB297,0,,,
GB298-stan1288,stan1288,GB298,0,,,
GB299-stan1288,stan1288,GB299,1,,,
GB300-stan1288,stan1288,GB300,0,,,
GB301-stan1288,stan1288,GB301,0,,,
GB302-stan1288,stan1288,GB302,1,,,
GB303-stan1288,stan1288,GB303,0,,,
GB304-stan1288,stan1288,GB304,1,,,
GB305-stan1288,stan1288,GB305,1,,,
GB306-stan1288,stan1288,GB306,1,,,
GB309-stan1288,stan1288,GB309,1,,,
GB312-stan1288,stan1288,GB312,1,,,
GB313-stan1288,stan1288,GB313,1,,,
GB314-stan1288,stan1288,GB314,0,,,
GB315-stan1288,stan1288,GB315,0,,,
GB316-stan1288,stan1288,GB316,1,,,
GB317-stan1288,stan1288,GB317,0,,,
GB318-stan1288,stan1288,GB318,1,,,
GB319-stan1288,stan1288,GB319,0,,,
GB320-stan1288,stan1288,GB320,0,,,
GB321-stan1288,stan1288,GB321,0,,,
GB322-stan1288,stan1288,GB322,0,,,
GB323-stan1288,stan1288,GB323,0,,,
GB324-stan1288,stan1288,GB324,0,,,
GB325-stan1288,stan1288,GB325,1,,,
GB326-stan1288,stan1288,GB326,0,,,
GB327-stan1288,stan1288,GB327,1,,,
GB328-stan1288,stan1288,GB328,0,,,
GB329-stan1288,stan1288,GB329,0,,,
GB330-stan1288,stan1288,GB330,0,,,
GB331-stan1288,stan1288,GB331,1,,,
GB333-stan1288,stan1288,GB333,1,,,
GB334-stan1288,stan1288,GB334,0,,,
GB335-stan1288,stan1288,GB335,0,,,
GB336-stan1288,stan1288,GB336,0,,,
GB400-stan1288,stan1288,GB400,0,,,
GB401-stan1288,stan1288,GB401,1,,,
GB402-stan1288,stan1288,GB402,1,,,
GB403-stan1288,stan1288,GB403,1,,,
GB408-stan1288,stan1288,GB408,1,,,
GB409-stan1288,stan1288,GB409,0,,,
GB410-stan1288,stan1288,GB410,0,,,
GB415-stan1288,stan1288,GB415,1,,,
GB421-stan1288,stan1288,GB421,1,,,
GB422-stan1288,stan1288,GB422,0,,,
GB430-stan1288,stan1288,GB430,0,,,
GB431-stan1288,stan1288,GB431,0,,,
GB432-stan1288,stan1288,GB432,0,,,
GB433-stan1288,stan1288,GB433,0,,,
GB519-stan1288,stan1288,GB519,0,,,
GB520-stan1288,stan1288,GB520,0,,,
GB521-stan1288,stan1288,GB521,0,,,
GB522-stan1288,stan1288,GB522,1,,,
GB020-mode1248,mode1248,GB020,1,GB020-1,,g_Holton_Greek_2012[52-53],Holton (2012:52-53),KK,,,
GB021-mode1248,mode1248,GB021,1,GB021-1,,g_Holton_Greek_2012[53],Holton (2012:53),KK,,,
GB022-mode1248,mode1248,GB022,1,GB022-1,,g_Holton_Greek_2012[52-53],Holton (2012:52-53),KK,,,
GB023-mode1248,mode1248,GB023,0,GB023-0,,g_Holton_Greek_2012[52-53],Holton (2012:52-53),KK,,,
GB024-mode1248,mode1248,GB024,1,GB024-1,,g_Holton_Greek_2012[125-127],Holton (2012:125-127),KK,,,
GB025-mode1248,mode1248,GB025,3,GB025-3,,g_Holton_Greek_2012[318-319],Holton (2012:318-319),KK,,,
GB026-mode1248,mode1248,GB026,0,GB026-0,,g_Holton_Greek_2012[86],Holton (2012:86),KK,,,
GB027-mode1248,mode1248,GB027,1,GB027-1,,g_Holton_Greek_2012[480-481, 566-567],Holton (2012:480-481, 566-567),KK,,,
GB028-mode1248,mode1248,GB028,0,GB028-0,,g_Holton_Greek_2012[113-114],Holton (2012:113-114),KK,,,
GB030-mode1248,mode1248,GB030,1,GB030-1,,g_Holton_Greek_2012[112-121],Holton (2012:112-121),KK,,,
GB031-mode1248,mode1248,GB031,0,GB031-0,,g_Holton_Greek_2012[113-114],Holton (2012:113-114),KK,,,
GB035-mode1248,mode1248,GB035,0,GB035-0,aytos = near ekeinos = far,g_Holton_Greek_2012[400-403],Holton (2012:400-403/389-391),KK,,,
GB036-mode1248,mode1248,GB036,0,GB036-0,,g_Holton_Greek_2012[400-403],Holton (2012:400-403),KK,,,
GB037-mode1248,mode1248,GB037,0,GB037-0,,g_Holton_Greek_2012[400-403],Holton (2012:400-403),KK,,,
GB038-mode1248,mode1248,GB038,0,GB038-0,,g_Holton_Greek_2012[400-403],Holton (2012:400-403),KK,,,
GB039-mode1248,mode1248,GB039,1,GB039-1,,g_Holton_Greek_2012[54-85],Holton (2012:54-85),KK,,,
GB041-mode1248,mode1248,GB041,0,GB041-0,,g_Holton_Greek_2012[54-85],Holton (2012:54-85),KK,,,
GB042-mode1248,mode1248,GB042,1,GB042-1,,g_Holton_Greek_2012[54-85],Holton (2012:54-85),KK,,,
GB043-mode1248,mode1248,GB043,0,GB043-0,,g_Holton_Greek_2012[54-85],Holton (2012:54-85),KK,,,
GB044-mode1248,mode1248,GB044,1,GB044-1,,g_Holton_Greek_2012[54-85],Holton (2012:54-85),KK,,,
GB046-mode1248,mode1248,GB046,1,GB046-1,,g_Holton_Greek_2012[54-85],Holton (2012:54-85),KK,,,
GB047-mode1248,mode1248,GB047,1,GB047-1,,g_Holton_Greek_2012[207-214],Holton (2012:207-214,KK,,,
GB048-mode1248,mode1248,GB048,1,GB048-1,,g_Holton_Greek_2012[207-214],Holton (2012:207-214),KK,,,
GB049-mode1248,mode1248,GB049,1,GB049-1,,g_Holton_Greek_2012[207],Holton (2012:207),KK,,,
GB051-mode1248,mode1248,GB051,1,GB051-1,,g_Holton_Greek_2012[317-325],Holton (2012:317-325),KK,,,
GB052-mode1248,mode1248,GB052,0,GB052-0,,g_Holton_Greek_2012[317-325],Holton (2012:317-325),KK,,,
GB053-mode1248,mode1248,GB053,0,GB053-0,,g_Holton_Greek_2012[317-325],Holton (2012:317-325),KK,,,
GB054-mode1248,mode1248,GB054,0,GB054-0,,g_Holton_Greek_2012[317-325],Holton (2012:317-325),KK,,,
GB057-mode1248,mode1248,GB057,0,GB057-0,The possessive construction has agreement though,g_Holton_Greek_2012[317-325],Holton (2012:317-325),KK,,,
GB058-mode1248,mode1248,GB058,0,GB058-0,,g_Holton_Greek_2012[339-340],Holton (2012:339-340/347/387-388/418-419),KK,,,
GB059-mode1248,mode1248,GB059,0,GB059-0,,g_Holton_Greek_2012[387-389],Holton (2012:387-389),KK,,,
GB065-mode1248,mode1248,GB065,2,GB065-2,,g_Holton_Greek_2012[387-389],Holton (2012:387-389),KK,,,
GB068-mode1248,mode1248,GB068,0,GB068-0,,g_Holton_Greek_2012[86],Holton (2012:86 /213-215),KK,,,
GB069-mode1248,mode1248,GB069,0,GB069-0,,g_Holton_Greek_2012[86],Holton (2012:86),KK,,,
GB070-mode1248,mode1248,GB070,1,GB070-1,,g_Holton_Greek_2012[328 -365],Holton (2012:328 -365),KK,,,
GB071-mode1248,mode1248,GB071,1,GB071-1,,g_Holton_Greek_2012[328 -365],Holton (2012:328 -365),KK,,,
GB072-mode1248,mode1248,GB072,0,GB072-0,,g_Holton_Greek_2012[328 -365],Holton (2012:328 -365),KK,,,
GB073-mode1248,mode1248,GB073,0,GB073-0,,g_Holton_Greek_2012[328 -365],Holton (2012:328 -365),KK,,,
GB074-mode1248,mode1248,GB074,1,GB074-1,,g_Holton_Greek_2012[459-499],Holton (2012:459-499),KK,,,
GB075-mode1248,mode1248,GB075,0,GB075-0,Just two examples that are used until today from ancient greek,g_Holton_Greek_2012[498],Holton (2012:498),KK,,,
GB079-mode1248,mode1248,GB079,1,GB079-1,,g_Holton_Greek_2012[128-132],Holton (2012:128-132),KK,,,
GB080-mode1248,mode1248,GB080,1,GB080-1,Tense/aspect suffixes,g_Holton_Greek_2012[128-132],Holton (2012:128-132),KK,,,
GB081-mode1248,mode1248,GB081,1,GB081-1,,g_Holton_Greek_2012[130-137],Holton (2012:130-137),KK,,,
GB082-mode1248,mode1248,GB082,1,GB082-1,,g_Holton_Greek_2012[136-137],Holton (2012:136-137),KK,,,
GB083-mode1248,mode1248,GB083,1,GB083-1,,g_Holton_Greek_2012[136-137],Holton (2012:136-137),KK,,,
GB084-mode1248,mode1248,GB084,0,GB084-0,,g_Holton_Greek_2012[136-137],Holton (2012:136-137),KK,,,
GB086-mode1248,mode1248,GB086,1,GB086-1,,g_Holton_Greek_2012[140-144],Holton (2012:140-144),KK,,,
GB089-mode1248,mode1248,GB089,1,GB089-1,,g_Holton_Greek_2012[136-137],Holton (2012:136-137),KK,,,
GB090-mode1248,mode1248,GB090,0,GB090-0,,g_Holton_Greek_2012[142-143],Holton (2012:142-143),KK,,,
GB091-mode1248,mode1248,GB091,1,GB091-1,,g_Holton_Greek_2012[258-260],Holton (2012:258-260),KK,,,
GB092-mode1248,mode1248,GB092,0,GB092-0,,g_Holton_Greek_2012[258-260],Holton (2012:258-260),KK,,,
GB093-mode1248,mode1248,GB093,0,GB093-0,,g_Holton_Greek_2012[258-260],Holton (2012:258-260),KK,,,
GB094-mode1248,mode1248,GB094,0,GB094-0,,g_Holton_Greek_2012[258-260],Holton (2012:258-260),KK,,,
GB095-mode1248,mode1248,GB095,0,GB095-0,,g_Holton_Greek_2012[263-307],Holton (2012:263-307/128-132),KK,,,
GB096-mode1248,mode1248,GB096,0,GB096-0,,g_Holton_Greek_2012[140-166],Holton (2012:140-166),KK,,,
GB098-mode1248,mode1248,GB098,0,GB098-0,,g_Holton_Greek_2012[140-166],Holton (2012:140-166),KK,,,
GB099-mode1248,mode1248,GB099,0,GB099-0,,g_Holton_Greek_2012[140-166],Holton (2012:140-166),KK,,,
GB103-mode1248,mode1248,GB103,0,GB103-0,,g_Holton_Greek_2012[134],Holton (2012:134),KK,,,
GB104-mode1248,mode1248,GB104,0,GB104-0,,g_Holton_Greek_2012[134],Holton (2012:134),KK,,,
GB105-mode1248,mode1248,GB105,0,GB105-0,,g_Holton_Greek_2012[526-527],Holton (2012:526-527),KK,,,
GB107-mode1248,mode1248,GB107,0,GB107-0,except from some exceptions,g_Holton_Greek_2012[509-515],Holton (2012:509-515),KK,,,
GB108-mode1248,mode1248,GB108,0,GB108-0,Not evident, assumed absent,g_Holton_Greek_2012[129-140],Holton (2012:129-140),KK,,,
GB109-mode1248,mode1248,GB109,0,GB109-0,,g_Holton_Greek_2012[136-137],Holton (2012:136-137),KK,,,
GB110-mode1248,mode1248,GB110,0,GB110-0,,g_Holton_Greek_2012[129-132],Holton (2012:129-132),KK,,,
GB111-mode1248,mode1248,GB111,1,GB111-1,,g_Holton_Greek_2012[140-169],Holton (2012:140-169),KK,,,
GB113-mode1248,mode1248,GB113,0,GB113-0,,g_Holton_Greek_2012[245-248],Holton (2012:245-248),KK,,,
GB114-mode1248,mode1248,GB114,1,GB114-1,,g_Holton_Greek_2012[579-583],Holton (2012:579-583),KK,,,
GB115-mode1248,mode1248,GB115,1,GB115-1,,g_Holton_Greek_2012[583-586],Holton (2012:583-586),KK,,,
GB116-mode1248,mode1248,GB116,0,GB116-0,Not evident, assumed absent,g_Holton_Greek_2012[129-137],Holton (2012:129-137),KK,,,
GB117-mode1248,mode1248,GB117,1,GB117-1,,g_Holton_Greek_2012[310-312],Holton (2012:310-312),KK,,,
GB118-mode1248,mode1248,GB118,0,GB118-0,Some specific verb pairs can be serialized,g_Holton_Greek_2012[226-233],Holton (2012:226-233),KK,,,
GB119-mode1248,mode1248,GB119,0,GB119-0,auxiliary words,g_Holton_Greek_2012[263-2759],Holton (2012:263-2759,KK,,,
GB120-mode1248,mode1248,GB120,0,GB120-0,,g_Holton_Greek_2012[284-286],Holton (2012:284-286),KK,,,
GB121-mode1248,mode1248,GB121,1,GB121-1,,g_Holton_Greek_2012[142-143],Holton (2012:142-143),KK,,,
GB122-mode1248,mode1248,GB122,0,GB122-0,,g_Holton_Greek_2012[226-233],Holton (2012:226-233),KK,,,
GB123-mode1248,mode1248,GB123,0,GB123-0,,g_Holton_Greek_2012[302-306],Holton (2012:302-306),KK,,,
GB124-mode1248,mode1248,GB124,0,GB124-0,,g_Holton_Greek_2012[226-233],Holton (2012:226-233),KK,,,
GB126-mode1248,mode1248,GB126,1,GB126-1,,g_Holton_Greek_2012[170-171],Holton (2012:170-171),KK,,,
GB127-mode1248,mode1248,GB127,0,GB127-0,Not evident, assumed absent,g_Holton_Greek_2012,Holton (2012),KK,,,
GB129-mode1248,mode1248,GB129,0,GB129-0,Not mentioned, it is assumed that the number of verb roots is not notably small,g_Holton_Greek_2012,Holton (2012),KK,,,
GB130-mode1248,mode1248,GB130,1,GB130-1,,g_Holton_Greek_2012[245-248],Holton (2012:245-248),KK,,,
GB131-mode1248,mode1248,GB131,0,GB131-0,Some examples exist but probably not pragmatically unmarked,g_Holton_Greek_2012[543 -550],Holton (2012:543 -550),KK,,,
GB132-mode1248,mode1248,GB132,1,GB132-1,,g_Holton_Greek_2012[543 -550],Holton (2012:543 -550),KK,,,
GB133-mode1248,mode1248,GB133,0,GB133-0,,g_Holton_Greek_2012[543 -550],Holton (2012:543 -550),KK,,,
GB134-mode1248,mode1248,GB134,1,GB134-1,,g_Holton_Greek_2012[531-532],Holton (2012:531-532),KK,,,
GB135-mode1248,mode1248,GB135,1,GB135-1,,g_Holton_Greek_2012[531-532],Holton (2012:531-532),KK,,,
GB136-mode1248,mode1248,GB136,0,GB136-0,free order,g_Holton_Greek_2012[258-260],Holton (2012:258-260),KK,,,
GB137-mode1248,mode1248,GB137,0,GB137-0,,g_Holton_Greek_2012[509-515],Holton (2012:509-515),KK,,,
GB138-mode1248,mode1248,GB138,1,GB138-1,Pro- drop. Only when the subject is missing.,g_Holton_Greek_2012[509-515],Holton (2012:509-515),KK,,,
GB139-mode1248,mode1248,GB139,1,GB139-1,imperative = min declarative = den,g_Holton_Greek_2012[509-515],Holton (2012:509-515),KK,,,
GB140-mode1248,mode1248,GB140,1,GB140-1,,g_Holton_Greek_2012[509-515],Holton (2012:509-515),KK,,,
GB146-mode1248,mode1248,GB146,0,GB146-0,,g_Holton_Greek_2012[310-314],Holton (2012:310-314),KK,,,
GB147-mode1248,mode1248,GB147,1,GB147-1,,g_Holton_Greek_2012[145-149],Holton (2012:145-149),KK,,,
GB148-mode1248,mode1248,GB148,0,GB148-0,,g_Holton_Greek_2012[276-280],Holton (2012:276-280),KK,,,
GB149-mode1248,mode1248,GB149,0,GB149-0,Not evident, assumed absent,g_Holton_Greek_2012,Holton (2012),KK,,,
GB150-mode1248,mode1248,GB150,0,GB150-0,Not evident, assumed absent,g_Holton_Greek_2012,Holton (2012),KK,,,
GB151-mode1248,mode1248,GB151,0,GB151-0,,g_Holton_Greek_2012[530-532],Holton (2012:530-532),KK,,,
GB152-mode1248,mode1248,GB152,1,GB152-1,,g_Holton_Greek_2012[558-559],Holton (2012:558-559),KK,,,
GB155-mode1248,mode1248,GB155,0,GB155-0,,g_Holton_Greek_2012[280-284],Holton (2012:280-284),KK,,,
GB156-mode1248,mode1248,GB156,0,GB156-0,,g_Holton_Greek_2012[547],Holton (2012:547���������,,,
GB158-mode1248,mode1248,GB158,1,GB158-1,Only participles at passive voice ex. endedigmenos,g_Holton_Greek_2012[191-192],Holton (2012:191-192),KK,,,
GB159-mode1248,mode1248,GB159,0,GB159-0,Only substantive participles ex pepedeumenos, sesimasmenos,g_Holton_Greek_2012[191-192],Holton (2012:191-192),KK,,,
GB160-mode1248,mode1248,GB160,0,GB160-0,,g_Holton_Greek_2012[191-192],Holton (2012:191-192),KK,,,
GB165-mode1248,mode1248,GB165,0,GB165-0,,g_Holton_Greek_2012[54-85],Holton (2012:54-85),KK,,,
GB166-mode1248,mode1248,GB166,0,GB166-0,,g_Holton_Greek_2012[54-85],Holton (2012:54-85),KK,,,
GB167-mode1248,mode1248,GB167,0,GB167-0,,g_Holton_Greek_2012[402],Holton (2012:402),KK,,,
GB170-mode1248,mode1248,GB170,1,GB170-1,,g_Holton_Greek_2012[86-106],Holton (2012:86-106),KK,,,
GB171-mode1248,mode1248,GB171,1,GB171-1,,g_Holton_Greek_2012[400-403],Holton (2012:400-403),KK,,,
GB172-mode1248,mode1248,GB172,1,GB172-1,,g_Holton_Greek_2012[52-53],Holton (2012:52-53),KK,,,
GB177-mode1248,mode1248,GB177,0,GB177-0,,g_Holton_Greek_2012[128],Holton (2012:128),KK,,,
GB184-mode1248,mode1248,GB184,1,GB184-1,,g_Holton_Greek_2012[86-106],Holton (2012:86-106),KK,,,
GB185-mode1248,mode1248,GB185,1,GB185-1,,g_Holton_Greek_2012[400-403],Holton (2012:400-403),KK,,,
GB186-mode1248,mode1248,GB186,1,GB186-1,,g_Holton_Greek_2012[52-53],Holton (2012:52-53),KK,,,
GB187-mode1248,mode1248,GB187,1,GB187-1,,g_Holton_Greek_2012[216-217],Holton (2012:216-217),KK,,,
GB188-mode1248,mode1248,GB188,1,GB188-1,,g_Holton_Greek_2012[217],Holton (2012:217),KK,,,
GB192-mode1248,mode1248,GB192,1,GB192-1,,g_Holton_Greek_2012[54-85],Holton (2012:54-85),KK,,,
GB193-mode1248,mode1248,GB193,1,GB193-1,The order is opposite when you want to give emphasis,g_Holton_Greek_2012[86-105],Holton (2012:86-105),KK,,,
GB196-mode1248,mode1248,GB196,0,GB196-0,,g_Holton_Greek_2012[112-121],Holton (2012:112-121),KK,,,
GB197-mode1248,mode1248,GB197,0,GB197-0,,g_Holton_Greek_2012[112-121],Holton (2012:112-121),KK,,,
GB198-mode1248,mode1248,GB198,1,GB198-1,,g_Holton_Greek_2012[122-127],Holton (2012:122-127),KK,,,
GB203-mode1248,mode1248,GB203,1,GB203-1,The order is opposite when you want to give emphasis,g_Holton_Greek_2012[396-399],Holton (2012:396-399),KK,,,
GB204-mode1248,mode1248,GB204,1,GB204-1,,g_Holton_Greek_2012[393],Holton (2012:393/396-399),KK,,,
GB250-mode1248,mode1248,GB250,1,GB250-1,Habeo is transitive,g_Holton_Greek_2012[112],Holton (2012:112/115/339-340/418/422/458),KK,,,
GB252-mode1248,mode1248,GB252,0,GB252-0,,g_Holton_Greek_2012[112],Holton (2012:112/115/339-340/418),KK,,,
GB253-mode1248,mode1248,GB253,0,GB253-0,,g_Holton_Greek_2012[112],Holton (2012:112/115/339-340/418),KK,,,
GB254-mode1248,mode1248,GB254,0,GB254-0,,g_Holton_Greek_2012[112],Holton (2012:112/115/339-340/418),KK,,,
GB256-mode1248,mode1248,GB256,0,GB256-0,,g_Holton_Greek_2012[112],Holton (2012:112/115/339-340/418),KK,,,
GB257-mode1248,mode1248,GB257,1,GB257-1,,g_Holton_Greek_2012[503-504],Holton (2012:503-504),KK,,,
GB260-mode1248,mode1248,GB260,0,GB260-0,It's like affirmative. You can just change the intonation or put a clause-initial interrogative particle,g_Holton_Greek_2012[503-504],Holton (2012:503-504),KK,,,
GB262-mode1248,mode1248,GB262,0,GB262-0,,g_Holton_Greek_2012[504, 506-509],Holton (2012:504, 506-509),KK,,,
GB263-mode1248,mode1248,GB263,0,GB263-0,,g_Holton_Greek_2012[504, 506-509],Holton (2012:504, 506-509),KK,,,
GB264-mode1248,mode1248,GB264,0,GB264-0,,g_Holton_Greek_2012[504, 506-509],Holton (2012:504, 506-509),KK,,,
GB265-mode1248,mode1248,GB265,1,GB265-1,,g_Holton_Greek_2012[103-106],Holton (2012:103-106),KK,,,
GB266-mode1248,mode1248,GB266,1,GB266-1,apo,g_Holton_Greek_2012[104],Holton (2012:104),KK,,,
GB270-mode1248,mode1248,GB270,0,GB270-0,,g_Holton_Greek_2012[103-106],Holton (2012:103-106),KK,,,
GB273-mode1248,mode1248,GB273,0,GB273-0,,g_Holton_Greek_2012[103-106],Holton (2012:103-106),KK,,,
GB275-mode1248,mode1248,GB275,1,GB275-1,,g_Holton_Greek_2012[103-106],Holton (2012:103-106),KK,,,
GB276-mode1248,mode1248,GB276,1,GB276-1,,g_Holton_Greek_2012[103-104],Holton (2012:103-104/373),KK,,,
GB285-mode1248,mode1248,GB285,0,GB285-0,It's like affirmative. You can just change the intonation or put a clause-initial interrogative particle,g_Holton_Greek_2012[503-504],Holton (2012:503-504),KK,,,
GB286-mode1248,mode1248,GB286,0,GB286-0,The intonation must be changed,g_Holton_Greek_2012[503-504],Holton (2012:503-504),KK,,,
GB291-mode1248,mode1248,GB291,0,GB291-0,,g_Holton_Greek_2012[503-504],Holton (2012:503-504),KK,,,
GB296-mode1248,mode1248,GB296,0,GB296-0,There is not a definable class of ideophones outside those which depict sound, for example the nouns tzitziki and koukos,g_Holton_Greek_2012,Holton (2012),KK,,,
GB297-mode1248,mode1248,GB297,1,GB297-1,Tha pas, den tha pas,#ERROR!,,
GB298-mode1248,mode1248,GB298,0,GB298-0,There are particles :den,min,g_Holton_Greek_2012[509-515],Holton (2012:509-515),KK,,,
GB299-mode1248,mode1248,GB299,1,GB299-1,There are particles :den,min,g_Holton_Greek_2012[509-515],Holton (2012:509-515),KK,,,
GB300-mode1248,mode1248,GB300,0,GB300-0,Not mentioned, assumed absent,g_Holton_Greek_2012,Holton (2012),KK,,,
GB301-mode1248,mode1248,GB301,1,GB301-1,It is possible to use a 1ppl verb with a 2ppl subject without an overt 1ppl pronoun,g_Holton_Greek_2012,Holton (2012),KK,,,
GB302-mode1248,mode1248,GB302,1,GB302-1,,g_Holton_Greek_2012[147],Holton (2012:147),KK,,,
GB303-mode1248,mode1248,GB303,0,GB303-0,,g_Holton_Greek_2012[280-284],Holton (2012:280-284),KK,,,
GB304-mode1248,mode1248,GB304,1,GB304-1,By apo and accusative case,g_Holton_Greek_2012[280-284],Holton (2012:280-284),KK,,,
GB305-mode1248,mode1248,GB305,1,GB305-1,,g_Holton_Greek_2012[580-583],Holton (2012:580-583),KK,,,
GB306-mode1248,mode1248,GB306,1,GB306-1,,g_Holton_Greek_2012[583-586],Holton (2012:583-586),KK,,,
GB309-mode1248,mode1248,GB309,1,GB309-1,,g_Holton_Greek_2012[131],Holton (2012:131),KK,,,
GB312-mode1248,mode1248,GB312,1,GB312-1,Subjunctive,g_Holton_Greek_2012[263-266],Holton (2012:263-266),KK,,,
GB313-mode1248,mode1248,GB313,1,GB313-1,,g_Holton_Greek_2012[339-340],Holton (2012:339-340/347/387-388/418),KK,,,
GB314-mode1248,mode1248,GB314,0,GB314-0,Though the augmentative suffixes govern a specific gender,g_Holton_Greek_2012[103-106],Holton (2012:103-106),KK,,,
GB315-mode1248,mode1248,GB315,0,GB315-0,Though the diminitive suffixes govern a specific gender,g_Holton_Greek_2012[103-106],Holton (2012:103-106),KK,,,
GB316-mode1248,mode1248,GB316,0,GB316-0,Singular is marked by suffix,g_Holton_Greek_2012[54-85],Holton (2012:54-85),KK,,,
GB317-mode1248,mode1248,GB317,0,GB317-0,Dual number doesn't exist in modern Greek,g_Holton_Greek_2012[54-85],Holton (2012:54-85),KK,,,
GB318-mode1248,mode1248,GB318,0,GB318-0,Plural is marked by suffix,g_Holton_Greek_2012[54-85],Holton (2012:54-85),KK,,,
GB319-mode1248,mode1248,GB319,0,GB319-0,,g_Holton_Greek_2012[54-85],Holton (2012:54-85),KK,,,
GB320-mode1248,mode1248,GB320,0,GB320-0,,g_Holton_Greek_2012[54-83],Holton (2012:54-83),KK,,,
GB321-mode1248,mode1248,GB321,1,GB321-1,,g_Holton_Greek_2012[54-83],Holton (2012:54-83),KK,,,
GB322-mode1248,mode1248,GB322,0,GB322-0,There are synonyms for a specific meaning,g_Holton_Greek_2012,Holton (2012),KK,,,
GB323-mode1248,mode1248,GB323,0,GB323-0,There are synonyms for a specific meaning,g_Holton_Greek_2012,Holton (2012),KK,,,
GB324-mode1248,mode1248,GB324,0,GB324-0,,g_Holton_Greek_2012[409-412],Holton (2012:409-412),KK,,,
GB325-mode1248,mode1248,GB325,0,GB325-0,,g_Holton_Greek_2012[409-412],Holton (2012:409-412),KK,,,
GB326-mode1248,mode1248,GB326,0,GB326-0,ex. indirect speech,g_Holton_Greek_2012[409-412],Holton (2012:409-412),KK,,,
GB327-mode1248,mode1248,GB327,1,GB327-1,,g_Holton_Greek_2012[532-540],Holton (2012:532-540),KK,,,
GB328-mode1248,mode1248,GB328,0,GB328-0,,g_Holton_Greek_2012[532-540],Holton (2012:532-540),KK,,,
GB329-mode1248,mode1248,GB329,0,GB329-0,,g_Holton_Greek_2012[532-540],Holton (2012:532-540),KK,,,
GB330-mode1248,mode1248,GB330,1,GB330-1,,g_Holton_Greek_2012[403],Holton (2012:403/532-537),KK,,,
GB331-mode1248,mode1248,GB331,1,GB331-1,,g_Holton_Greek_2012[537-540],Holton (2012:537-540),KK,,,
GB333-mode1248,mode1248,GB333,1,GB333-1,,g_Holton_Greek_2012[122-124],Holton (2012:122-124),KK,,,
GB334-mode1248,mode1248,GB334,0,GB334-0,,g_Holton_Greek_2012[122-124],Holton (2012:122-124),KK,,,
GB335-mode1248,mode1248,GB335,0,GB335-0,,g_Holton_Greek_2012[122-124],Holton (2012:122-124),KK,,,
GB336-mode1248,mode1248,GB336,0,GB336-0,,g_Holton_Greek_2012[122-124],Holton (2012:122-124),KK,,,
GB400-mode1248,mode1248,GB400,0,GB400-0,,g_Holton_Greek_2012[128-134],Holton (2012:128-134),KK,,,
GB401-mode1248,mode1248,GB401,0,GB401-0,John ate too much. John ate a salad.,g_Holton_Greek_2012,Holton (2012),KK,,,
GB402-mode1248,mode1248,GB402,1,GB402-1,The verbs vlepo/ida are suppletive, being conditioned by tense,g_Holton_Greek_2012,Holton (2012),KK,,,
GB403-mode1248,mode1248,GB403,1,GB403-1,The verbs erxomai and ertha/eltha, are suppletive forms conditioned by tense,g_Holton_Greek_2012,Holton (2012),KK,,,
GB408-mode1248,mode1248,GB408,1,GB408-1,,g_Holton_Greek_2012[245-249],Holton (2012:245-249),KK,,,
GB409-mode1248,mode1248,GB409,0,GB409-0,,g_Holton_Greek_2012[245-249],Holton (2012:245-249),KK,,,
GB410-mode1248,mode1248,GB410,0,GB410-0,,g_Holton_Greek_2012[245-249],Holton (2012:245-249),KK,,,
GB415-mode1248,mode1248,GB415,1,GB415-1,,g_Holton_Greek_2012[113],Holton (2012:113),KK,,,
GB421-mode1248,mode1248,GB421,1,GB421-1,oti,pos,g_Holton_Greek_2012[543-553],Holton (2012:543-553),KK,,,
GB422-mode1248,mode1248,GB422,0,GB422-0,,g_Holton_Greek_2012[543-553],Holton (2012:543-553),KK,,,
GB430-mode1248,mode1248,GB430,0,GB430-0,,g_Holton_Greek_2012[112-117],Holton (2012:112-117/339-340),KK,,,
GB431-mode1248,mode1248,GB431,0,GB431-0,,g_Holton_Greek_2012[112-117],Holton (2012:112-117/339-340),KK,,,
GB432-mode1248,mode1248,GB432,1,GB432-1,geniki ktitiki,g_Holton_Greek_2012[112-117],Holton (2012:112-117/339-340),KK,,,
GB433-mode1248,mode1248,GB433,0,GB433-0,,g_Holton_Greek_2012[112-117],Holton (2012:112-117/339-340),KK,,,
GB519-mode1248,mode1248,GB519,0,GB519-0,,g_Holton_Greek_2012[263-265],Holton (2012:263-265),KK,,,
GB520-mode1248,mode1248,GB520,0,GB520-0,,g_Holton_Greek_2012[130-132],Holton (2012:130-132),KK,,,
GB521-mode1248,mode1248,GB521,1,GB521-1,,g_Holton_Greek_2012[297-299],Holton (2012:297-299/303-305),KK,,,
GB522-mode1248,mode1248,GB522,1,GB522-1,examples: efaga (I ate),g_Holton_Greek_2012[332-334],Holton (2012:332-334),KK,,,
GB020-stan1293,stan1293,GB020,1,GB020-1,The definite article is 'the.',g_HuddlestonPullum_English[368],Huddleston & Pullum (2002:368),IC,JG,JLA,
GB021-stan1293,stan1293,GB021,1,GB021-1,The indefinite article is 'a' or at times 'an',g_HuddlestonPullum_English[371],Huddleston & Pullum (2002:371),IC,JG,JLA,
GB022-stan1293,stan1293,GB022,1,GB022-1,,g_HuddlestonPullum_English[368],Huddleston & Pullum (2002:368),IC,JG,JLA,
GB023-stan1293,stan1293,GB023,0,GB023-0,,g_HuddlestonPullum_English[368-371],Huddleston & Pullum (2002:368-371),IC,JG,JLA,
GB024-stan1293,stan1293,GB024,1,GB024-1,,g_HuddlestonPullum_English[363, 385-387],Huddleston & Pullum (2002:363, 385-387),IC,JG,JLA,
GB025-stan1293,stan1293,GB025,1,GB025-1,,g_HuddlestonPullum_English[373],Huddleston & Pullum (2002:373),IC,JG,JLA,
GB026-stan1293,stan1293,GB026,0,GB026-0,,g_HuddlestonPullum_English[526-592],Huddleston & Pullum (2002:526-592),IC,JG,JLA,
GB027-stan1293,stan1293,GB027,1,GB027-1,,g_HuddlestonPullum_English[661, 1277],Huddleston & Pullum (2002:661, 1277),IC,JG,JLA,
GB028-stan1293,stan1293,GB028,0,GB028-0,,g_HuddlestonPullum_English[426, 1467],Huddleston & Pullum (2002:426, 1467),IC,JG,JLA,
GB030-stan1293,stan1293,GB030,1,GB030-1,Masculine, feminine and neuter ,g_HuddlestonPullum_English[426],Huddleston & Pullum (2002:426),IC,JG,JLA,
GB031-stan1293,stan1293,GB031,0,GB031-0,,g_HuddlestonPullum_English[426],Huddleston & Pullum (2002:426),IC,JG,JLA,
GB035-stan1293,stan1293,GB035,0,GB035-0,,g_HuddlestonPullum_English[373, 1504-1506],Huddleston & Pullum (2002:373, 1504-1506),IC,JG,JLA,
GB036-stan1293,stan1293,GB036,0,GB036-0,,g_HuddlestonPullum_English[373, 1504-1506],Huddleston & Pullum (2002:373, 1504-1506),IC,JG,JLA,
GB037-stan1293,stan1293,GB037,0,GB037-0,,g_HuddlestonPullum_English[373, 1504-1506],Huddleston & Pullum (2002:373, 1504-1506),IC,JG,JLA,
GB038-stan1293,stan1293,GB038,0,GB038-0,,g_HuddlestonPullum_English[373, 1504-1506],Huddleston & Pullum (2002:373, 1504-1506),IC,JG,JLA,
GB039-stan1293,stan1293,GB039,1,GB039-1,Examples include (sg/pl): child/children, sheep/sheep, mouse/mice, woman/women,g_HuddlestonPullum_English[340, 1585, 1588-1594],Huddleston & Pullum (2002:340, 1585, 1588-1594),IC,JG,JLA,
GB041-stan1293,stan1293,GB041,0,GB041-0,Weak suppletion for 7 plural nouns only,g_HuddlestonPullum_English[329, 1589],Huddleston & Pullum (2002:329, 1589),IC,JG,JLA,
GB042-stan1293,stan1293,GB042,0,GB042-0,,g_HuddlestonPullum_English[340, 1585],Huddleston & Pullum (2002:340, 1585),IC,JG,JLA,
GB043-stan1293,stan1293,GB043,0,GB043-0,,g_HuddlestonPullum_English[340, 1585],Huddleston & Pullum (2002:340, 1585),IC,JG,JLA,
GB044-stan1293,stan1293,GB044,1,GB044-1,,g_HuddlestonPullum_English[340, 1585],Huddleston & Pullum (2002:340, 1585),IC,JG,JLA,
GB046-stan1293,stan1293,GB046,0,GB046-0,,g_HuddlestonPullum_English[340, 1585],Huddleston & Pullum (2002:340, 1585),IC,JG,JLA,
GB047-stan1293,stan1293,GB047,1,GB047-1,,g_HuddlestonPullum_English[1579, 1700-1706],Huddleston & Pullum (2002:1579, 1700-1706),IC,JG,JLA,
GB048-stan1293,stan1293,GB048,1,GB048-1,The agentive suffix -er among others,g_HuddlestonPullum_English[1653, 1691-1692, 1697],Huddleston & Pullum (2002:1653, 1691-1692, 1697),IC,JG,JLA,
GB049-stan1293,stan1293,GB049,1,GB049-1,There are object derivations such as 'cookie' from 'cook',g_HuddlestonPullum_English[1679],Huddleston & Pullum (2002:1679),IC,JG,JLA,
GB051-stan1293,stan1293,GB051,0,GB051-0,There is no gender agreement between dependents and head noun, but personal pronouns and their antecedents can agree in sex within NP structure,g_HuddlestonPullum_English[485, 1680-1683],Huddleston & Pullum (2002:485, 1680-1683),IC,JG,JLA,
GB052-stan1293,stan1293,GB052,0,GB052-0,,g_HuddlestonPullum_English[485],Huddleston & Pullum (2002:485),IC,JG,JLA,
GB053-stan1293,stan1293,GB053,0,GB053-0,,g_HuddlestonPullum_English[485],Huddleston & Pullum (2002:485),IC,JG,JLA,
GB054-stan1293,stan1293,GB054,0,GB054-0,,g_HuddlestonPullum_English[485],Huddleston & Pullum (2002:485),IC,JG,JLA,
GB057-stan1293,stan1293,GB057,0,GB057-0,,g_HuddlestonPullum_English[385-387],Huddleston & Pullum (2002:385-387),IC,JG,JLA,
GB058-stan1293,stan1293,GB058,0,GB058-0,,g_HuddlestonPullum_English[111-112, 442, 470-478],Huddleston & Pullum (2002:111-112, 442, 470-478),IC,JG,JLA,
GB059-stan1293,stan1293,GB059,0,GB059-0,,g_HuddlestonPullum_English[470-478],Huddleston & Pullum (2002:470-478),IC,JG,JLA,
GB065-stan1293,stan1293,GB065,1,GB065-1,There is an adnominal possessive construction with 'possessed of possessor'. There are some semantic relations which only allow this construction (e.g. the girl of twelve years) however on the whole the usage of the constructions 'possessor-s possessed' is more widely used, especially with pronominal possession.,g_HuddlestonPullum_English[442, 470-478],Huddleston & Pullum (2002:442, 470-478),IC,JG,JLA,
GB068-stan1293,stan1293,GB068,0,GB068-0,,g_HuddlestonPullum_English[527],Huddleston & Pullum (2002:527),IC,JG,JLA,
GB069-stan1293,stan1293,GB069,0,GB069-0,,g_HuddlestonPullum_English[527],Huddleston & Pullum (2002:527),IC,JG,JLA,
GB070-stan1293,stan1293,GB070,0,GB070-0,,g_HuddlestonPullum_English[457],Huddleston & Pullum (2002:457),IC,JG,JLA,
GB071-stan1293,stan1293,GB071,1,GB071-1,I vs me, they vs them etc.,g_HuddlestonPullum_English[425-429],Huddleston & Pullum (2002:425-429),IC,JG,JLA,
GB072-stan1293,stan1293,GB072,0,GB072-0,,g_HuddlestonPullum_English[457],Huddleston & Pullum (2002:457),IC,JG,JLA,
GB073-stan1293,stan1293,GB073,0,GB073-0,There is a gentive case for independent pronouns,g_HuddlestonPullum_English[425-429],Huddleston & Pullum (2002:425-429),IC,JG,JLA,
GB074-stan1293,stan1293,GB074,1,GB074-1,,g_HuddlestonPullum_English[598, 602-603],Huddleston & Pullum (2002:598, 602-603),IC,JG,JLA,
GB075-stan1293,stan1293,GB075,0,GB075-0,,g_HuddlestonPullum_English[602,603],Huddleston & Pullum (2002:602,603),IC,JG,JLA,
GB079-stan1293,stan1293,GB079,0,GB079-0,The most salient uses of be- as a verbal prefix are to intensify (bespatter) and to form transitive verbs from intransitives (bemoan, besprinkle). ,g_HuddlestonPullum_English[74, 1596-1597, 1713],Huddleston & Pullum (2002:74, 1596-1597, 1713),IC,JG,JLA,
GB080-stan1293,stan1293,GB080,1,GB080-1,The suffix -n���������t is often mistaken for a reduced pronunciation of the word not. That is of course its etymology, but it is no longer an unstressed pronunciation of not\ in the contemporary language it is a verbal su,g_HuddlestonPullum_English[74, 1597],Huddleston & Pullum (2002:74, 1597),IC,JG,JLA,
GB081-stan1293,stan1293,GB081,0,GB081-0,,g_HuddlestonPullum_English[74-201],Huddleston & Pullum (2002:74-201),IC,JG,JLA,
GB082-stan1293,stan1293,GB082,0,GB082-0,The regular form of verbs is their present tense form. Does 3rd person marker count?,g_HuddlestonPullum_English[127, 1596],Huddleston & Pullum (2002:127, 1596),IC,JG,JLA,
GB083-stan1293,stan1293,GB083,1,GB083-1,Suppletion of the present tense verb form. As well as suffix '-ed.',g_HuddlestonPullum_English[28, 31, 137-139, 1596],Huddleston & Pullum (2002:28, 31, 137-139, 1596),IC,JG,JLA,
GB084-stan1293,stan1293,GB084,0,GB084-0,While there are numerous ways of indicating future time, there is no grammatical category that can properly be analysed as a future tense. More particularly we argue that will (and likewise shall) is an auxiliary of mood, not tense.,g_HuddlestonPullum_English[127-136, 208-210, 1596],Huddleston & Pullum (2002:127-136, 208-210, 1596),IC,JG,JLA,
GB086-stan1293,stan1293,GB086,0,GB086-0,Shown through either auxiliaries or context.,g_HuddlestonPullum_English[92, 124, 139-145, 162],Huddleston & Pullum (2002:92, 124, 139-145, 162),IC,JG,JLA,
GB089-stan1293,stan1293,GB089,1,GB089-1,Only 3rd person mark A and S and through suffixes, P is never marked.,g_HuddlestonPullum_English[85, 1463-1464, 1579],Huddleston & Pullum (2002:85, 1463-1464, 1579),IC,JG,JLA,
GB090-stan1293,stan1293,GB090,0,GB090-0,See GB089 comment.,g_HuddlestonPullum_English[1465-1467, 1596],Huddleston & Pullum (2002:1465-1467, 1596),IC,JG,JLA,
GB091-stan1293,stan1293,GB091,1,GB091-1,See GB089 comment.,g_HuddlestonPullum_English[85, 1463-1464, 1579],Huddleston & Pullum (2002:85, 1463-1464, 1579),IC,JG,JLA,
GB092-stan1293,stan1293,GB092,0,GB092-0,See GB089 comment.,g_HuddlestonPullum_English[1465-1467, 1579],Huddleston & Pullum (2002:1465-1467, 1579),IC,JG,JLA,
GB093-stan1293,stan1293,GB093,0,GB093-0,See GB089 comment.,g_HuddlestonPullum_English[1596],Huddleston & Pullum (2002:1596),IC,JG,JLA,
GB094-stan1293,stan1293,GB094,0,GB094-0,See GB089 comment.,g_HuddlestonPullum_English[1596],Huddleston & Pullum (2002:1596),IC,JG,JLA,
GB095-stan1293,stan1293,GB095,1,GB095-1,Note: only the 3sg is indexed on the verb.,g_HuddlestonPullum_English[74-210, 1463-1464, 1597],Huddleston & Pullum (2002:74-210, 1463-1464, 1597),IC,JG,JLA,
GB096-stan1293,stan1293,GB096,0,GB096-0,,g_HuddlestonPullum_English[74-210, 1599],Huddleston & Pullum (2002:74-210, 1599),IC,JG,JLA,JLE
GB098-stan1293,stan1293,GB098,1,GB098-1,Personal pronouns have variations in flagging. The 2sg/pl pronouns and the 3sg neuter pronoun show neutral alignment. All other pronouns show NOM/ACC alignment. ,g_HuddlestonPullum_English[426, 1463-1464],Huddleston & Pullum (2002:426, 1463-1464),IC,JG,JLA,
GB099-stan1293,stan1293,GB099,0,GB099-0,,g_HuddlestonPullum_English[74-210],Huddleston & Pullum (2002:74-210),IC,JG,JLA,
GB103-stan1293,stan1293,GB103,0,GB103-0,There are no bound applicative markers on the verbs in English.,g_HuddlestonPullum_English[308-311],Huddleston & Pullum (2002:308-311),IC,JG,JLA,
GB104-stan1293,stan1293,GB104,0,GB104-0,See GB103 comment.,g_HuddlestonPullum_English[655, 670-671],Huddleston & Pullum (2002:655, 670-671),IC,JG,JLA,
GB105-stan1293,stan1293,GB105,1,GB105-1,Ditransitive: I gave her the key vs Monotransitive I like her. However some ditransitive verbs require the recipient to be headed by a preposition, commonly 'for' or 'to': I borrowed the money for her,g_HuddlestonPullum_English[248-251, 308-309],Huddleston & Pullum (2002:248-251, 308-309),IC,JG,JLA,
GB107-stan1293,stan1293,GB107,1,GB107-1,The contraction -n't is analysed as verbal suffix and not a reduced pronunciation of the word not,g_HuddlestonPullum_English[799-801],Huddleston & Pullum (2002:799-801),IC,JG,JLA,
GB108-stan1293,stan1293,GB108,0,GB108-0,,g_HuddlestonPullum_English[257-258, 1596],Huddleston & Pullum (2002:257-258, 1596),IC,JG,JLA,
GB109-stan1293,stan1293,GB109,0,GB109-0,,g_HuddlestonPullum_English[71-212],Huddleston & Pullum (2002:71-212),IC,JG,JLA,
GB110-stan1293,stan1293,GB110,1,GB110-1,,g_HuddlestonPullum_English[1607],Huddleston & Pullum (2002:1607),IC,JG,JLA,
GB111-stan1293,stan1293,GB111,1,GB111-1,,g_HuddlestonPullum_English[1607],Huddleston & Pullum (2002:1607),IC,JG,JLA,
GB113-stan1293,stan1293,GB113,1,GB113-1,The most salient uses of be- as a verbal prefix are to intensify (bespatter) and to form transitive verbs from intransitives (bemoan, besprinkle). ,g_HuddlestonPullum_English[1713],Huddleston & Pullum (2002:1713),IC,JG,JLA,
GB114-stan1293,stan1293,GB114,0,GB114-0,reflexive forms are not found outside the personal pronoun system.,g_HuddlestonPullum_English[426, 1596-1597],Huddleston & Pullum (2002:426, 1596-1597),IC,JG,JLA,
GB115-stan1293,stan1293,GB115,0,GB115-0,,g_HuddlestonPullum_English[74-201, 327, 1596-1597],Huddleston & Pullum (2002:74-201, 327, 1596-1597),IC,JG,JLA,
GB116-stan1293,stan1293,GB116,0,GB116-0,,g_HuddlestonPullum_English[74-210],Huddleston & Pullum (2002:74-210),IC,JG,JLA,
GB117-stan1293,stan1293,GB117,1,GB117-1,,g_HuddlestonPullum_English[133, 266-272],Huddleston & Pullum (2002:133, 266-272),IC,JG,JLA,
GB118-stan1293,stan1293,GB118,1,GB118-1,,g_HuddlestonPullum_English[51, 103, 113],Huddleston & Pullum (2002:51, 103, 113),IC,JG,JLA,
GB119-stan1293,stan1293,GB119,1,GB119-1,,g_HuddlestonPullum_English[116],Huddleston & Pullum (2002:116),IC,JG,JLA,
GB120-stan1293,stan1293,GB120,1,GB120-1,,g_HuddlestonPullum_English[117],Huddleston & Pullum (2002:117),IC,JG,JLA,
GB121-stan1293,stan1293,GB121,1,GB121-1,,g_HuddlestonPullum_English[116],Huddleston & Pullum (2002:116),IC,JG,JLA,
GB122-stan1293,stan1293,GB122,0,GB122-0,However, there are verb compounds with nouns (and a few with prepositions and adjectives): handshake, runaway, best-seller,g_HuddlestonPullum_English[71-212, 1652-1656],Huddleston & Pullum (2002:71-212, 1652-1656),IC,JG,JLA,
GB123-stan1293,stan1293,GB123,0,GB123-0,,g_HuddlestonPullum_English[71-212, 1652-1656],Huddleston & Pullum (2002:71-212, 1652-1656),IC,JG,JLA,
GB124-stan1293,stan1293,GB124,0,GB124-0,,g_HuddlestonPullum_English[71-115],Huddleston & Pullum (2002:71-115),IC,JG,JLA,
GB126-stan1293,stan1293,GB126,1,GB126-1,The verb exist is different to the equative/attributive copular be,g_HuddlestonPullum_English[266, 407, 1392],Huddleston & Pullum (2002:266, 407, 1392),IC,JG,JLA,
GB127-stan1293,stan1293,GB127,0,GB127-0,,g_HuddlestonPullum_English[71-212],Huddleston & Pullum (2002:71-212),IC,JG,JLA,
GB129-stan1293,stan1293,GB129,0,GB129-0,,g_HuddlestonPullum_English[71-212],Huddleston & Pullum (2002:71-212),IC,JG,JLA,
GB130-stan1293,stan1293,GB130,1,GB130-1,,g_HuddlestonPullum_English[53, 216],Huddleston & Pullum (2002:53, 216),IC,JG,JLA,
GB131-stan1293,stan1293,GB131,0,GB131-0,,g_HuddlestonPullum_English[53, 216],Huddleston & Pullum (2002:53, 216),IC,JG,JLA,
GB132-stan1293,stan1293,GB132,1,GB132-1,,g_HuddlestonPullum_English[53, 216],Huddleston & Pullum (2002:53, 216),IC,JG,JLA,
GB133-stan1293,stan1293,GB133,0,GB133-0,,g_HuddlestonPullum_English[53, 216],Huddleston & Pullum (2002:53, 216),IC,JG,JLA,
GB134-stan1293,stan1293,GB134,1,GB134-1,,g_HuddlestonPullum_English[46, 53, 1011-1022],Huddleston & Pullum (2002:46, 53, 1011-1022),IC,JG,JLA,
GB135-stan1293,stan1293,GB135,1,GB135-1,,g_HuddlestonPullum_English[46, 53, 1011-1022],Huddleston & Pullum (2002:46, 53, 1011-1022),IC,JG,JLA,
GB136-stan1293,stan1293,GB136,1,GB136-1,,g_HuddlestonPullum_English[236, 244, 1372-1373, 1381-1386],Huddleston & Pullum (2002:236, 244, 1372-1373, 1381-1386),IC,JG,JLA,
GB137-stan1293,stan1293,GB137,0,GB137-0,,g_HuddlestonPullum_English[796-849],Huddleston & Pullum (2002:796-849),IC,JG,JLA,
GB138-stan1293,stan1293,GB138,1,GB138-1,,g_HuddlestonPullum_English[807-812, 844],Huddleston & Pullum (2002:807-812, 844),IC,JG,JLA,
GB139-stan1293,stan1293,GB139,1,GB139-1,The auxilliary 'do' appears in imperative but not declarative structures ie. Don't be afraid vs You aren't afraid,g_HuddlestonPullum_English[802],Huddleston & Pullum (2002:802),IC,JG,JLA,
GB140-stan1293,stan1293,GB140,1,GB140-1,The negator 'not'. Note that verbal negation involves the addition of an auxiliary verb: *He saw not it vs He has not seen it,g_HuddlestonPullum_English[90, 93, 605, 786-849],Huddleston & Pullum (2002:90, 93, 605, 786-849),IC,JG,JLA,
GB146-stan1293,stan1293,GB146,0,GB146-0,Although interesting to note that Verbs of emotion or psychological state fall into two main classes according to the way these roles (stimulus and experiencer) align with S and O - e.g 'We (S) enjoyed the show (O)' or 'The show (S) delighted us (O)',g_HuddlestonPullum_English[234-235],Huddleston & Pullum (2002:234-235),IC,JG,JLA,
GB147-stan1293,stan1293,GB147,0,GB147-0,,g_HuddlestonPullum_English[67-68, 77, 103-105],Huddleston & Pullum (2002:67-68, 77, 103-105),IC,JG,JLA,
GB148-stan1293,stan1293,GB148,0,GB148-0,,g_HuddlestonPullum_English[67-68, 77, 103-105],Huddleston & Pullum (2002:67-68, 77, 103-105),IC,JG,JLA,
GB149-stan1293,stan1293,GB149,0,GB149-0,,g_HuddlestonPullum_English[1596],Huddleston & Pullum (2002:1596),IC,JG,JLA,
GB150-stan1293,stan1293,GB150,0,GB150-0,,g_HuddlestonPullum_English[949-990],Huddleston & Pullum (2002:949-990),IC,JG,JLA,
GB151-stan1293,stan1293,GB151,0,GB151-0,,g_HuddlestonPullum_English[68-69, 949-1029],Huddleston & Pullum (2002:68-69, 949-1029),IC,JG,JLA,
GB152-stan1293,stan1293,GB152,0,GB152-0,,g_HuddlestonPullum_English[128, 163, 166, 700-701],Huddleston & Pullum (2002:128, 163, 166, 700-701),IC,JG,JLA,
GB155-stan1293,stan1293,GB155,0,GB155-0,,g_HuddlestonPullum_English[1233-1236],Huddleston & Pullum (2002:1233-1236),IC,JG,JLA,
GB156-stan1293,stan1293,GB156,0,GB156-0,,g_HuddlestonPullum_English[1233-1236],Huddleston & Pullum (2002:1233-1236),IC,JG,JLA,
GB158-stan1293,stan1293,GB158,0,GB158-0,English can have repetition as shown in source pages, but not reduplication.,g_HuddlestonPullum_English[1304-1305],Huddleston & Pullum (2002:1304-1305),IC,JG,JLA,
GB159-stan1293,stan1293,GB159,0,GB159-0,,g_HuddlestonPullum_English[326-523],Huddleston & Pullum (2002:326-523),IC,JG,JLA,
GB160-stan1293,stan1293,GB160,0,GB160-0,See GB158 comment.,g_HuddlestonPullum_English[561, 1304-1305],Huddleston & Pullum (2002:561, 1304-1305),IC,JG,JLA,
GB165-stan1293,stan1293,GB165,0,GB165-0,,g_HuddlestonPullum_English[323-524],Huddleston & Pullum (2002:323-524),IC,JG,JLA,
GB166-stan1293,stan1293,GB166,0,GB166-0,,g_HuddlestonPullum_English[323-524],Huddleston & Pullum (2002:323-524),IC,JG,JLA,
GB167-stan1293,stan1293,GB167,0,GB167-0,,g_HuddlestonPullum_English[426, 1025, 1463-1472],Huddleston & Pullum (2002:426, 1025, 1463-1472),IC,JG,JLA,
GB170-stan1293,stan1293,GB170,0,GB170-0,,g_HuddlestonPullum_English[527-530],Huddleston & Pullum (2002:527-530),IC,JG,JLA,
GB171-stan1293,stan1293,GB171,0,GB171-0,,g_HuddlestonPullum_English[373, 1504-1506],Huddleston & Pullum (2002:373, 1504-1506),IC,JG,JLA,
GB172-stan1293,stan1293,GB172,0,GB172-0,,g_HuddlestonPullum_English[368, 371-372],Huddleston & Pullum (2002:368, 371-372),IC,JG,JLA,
GB177-stan1293,stan1293,GB177,0,GB177-0,,g_HuddlestonPullum_English[71-212],Huddleston & Pullum (2002:71-212),IC,JG,JLA,
GB184-stan1293,stan1293,GB184,1,GB184-1,,g_HuddlestonPullum_English[349-354],Huddleston & Pullum (2002:349-354),IC,JG,JLA,
GB185-stan1293,stan1293,GB185,1,GB185-1,,g_HuddlestonPullum_English[373, 1504-1506],Huddleston & Pullum (2002:373, 1504-1506),IC,JG,JLA,
GB186-stan1293,stan1293,GB186,0,GB186-0,Articles do not take number-agreement morphemes, however the indefinite article 'a' can only be used with count singular heads, e.g. a chairs, *a chairs, *a furniture,g_HuddlestonPullum_English[368-373, 384],Huddleston & Pullum (2002:368-373, 384),IC,JG,JLA,
GB187-stan1293,stan1293,GB187,1,GB187-1,Mini- is a relatively new prefix, formed by clipping from miniature. Micro- is a combining form, as evident from its ability to form compounds with such final combining forms as cosm, meter, scope, phone. '-ie/-y' This is the most productive of the diminutive markers in Present-day English, especially in Scottish, Australian, and New Zealand varieties.,g_HuddlestonPullum_English[1678],Huddleston & Pullum (2002:1678),IC,JG,JLA,
GB188-stan1293,stan1293,GB188,1,GB188-1, Augmentatives typically indicate large size or high - often excessive - degree. In all the types presented below, the augmentative marker occupies initial position, whether as prefix or first component of a compound.,g_HuddlestonPullum_English[1679],Huddleston & Pullum (2002:1679),IC,JG,JLA,
GB192-stan1293,stan1293,GB192,0,GB192-0,,g_HuddlestonPullum_English[485],Huddleston & Pullum (2002:485),IC,JG,JLA,
GB193-stan1293,stan1293,GB193,1,GB193-1,,g_HuddlestonPullum_English[452-455],Huddleston & Pullum (2002:452-455),IC,JG,JLA,
GB196-stan1293,stan1293,GB196,0,GB196-0,,g_HuddlestonPullum_English[426],Huddleston & Pullum (2002:426),IC,JG,JLA,
GB197-stan1293,stan1293,GB197,0,GB197-0,,g_HuddlestonPullum_English[426],Huddleston & Pullum (2002:426),IC,JG,JLA,
GB198-stan1293,stan1293,GB198,0,GB198-0,,g_HuddlestonPullum_English[416, 485-499, 1718],Huddleston & Pullum (2002:416, 485-499, 1718),IC,JG,JLA,
GB203-stan1293,stan1293,GB203,3,GB203-3,,g_HuddlestonPullum_English[345-347, 358-359, 375],Huddleston & Pullum (2002:345-347, 358-359, 375),IC,JG,JLA,
GB204-stan1293,stan1293,GB204,1,GB204-1,,g_HuddlestonPullum_English[377],Huddleston & Pullum (2002:377),IC,JG,JLA,
GB250-stan1293,stan1293,GB250,1,GB250-1,,g_HuddlestonPullum_English[111-112, 474],Huddleston & Pullum (2002:111-112, 474),IC,JG,JLA,
GB252-stan1293,stan1293,GB252,0,GB252-0,,g_HuddlestonPullum_English[111-112, 474],Huddleston & Pullum (2002:111-112, 474),IC,JG,JLA,
GB253-stan1293,stan1293,GB253,0,GB253-0,,g_HuddlestonPullum_English[111-112, 474],Huddleston & Pullum (2002:111-112, 474),IC,JG,JLA,
GB254-stan1293,stan1293,GB254,0,GB254-0,,g_HuddlestonPullum_English[111-112, 474],Huddleston & Pullum (2002:111-112, 474),IC,JG,JLA,
GB256-stan1293,stan1293,GB256,0,GB256-0,,g_HuddlestonPullum_English[111-112, 474],Huddleston & Pullum (2002:111-112, 474),IC,JG,JLA,
GB257-stan1293,stan1293,GB257,1,GB257-1,,g_HuddlestonPullum_English[868, 890],Huddleston & Pullum (2002:868, 890),IC,JG,JLA,
GB260-stan1293,stan1293,GB260,1,GB260-1,,g_HuddlestonPullum_English[762, 1427],Huddleston & Pullum (2002:762, 1427),IC,JG,JLA,
GB262-stan1293,stan1293,GB262,0,GB262-0,,g_HuddlestonPullum_English[868-272],Huddleston & Pullum (2002:868-272),IC,JG,JLA,
GB263-stan1293,stan1293,GB263,0,GB263-0,,g_HuddlestonPullum_English[868-272],Huddleston & Pullum (2002:868-272),IC,JG,JLA,
GB264-stan1293,stan1293,GB264,0,GB264-0,,g_HuddlestonPullum_English[868-272],Huddleston & Pullum (2002:868-272),IC,JG,JLA,
GB265-stan1293,stan1293,GB265,1,GB265-1,Prefix 'out' eg. outclass, outdistance outrun One use of out- is to produce compound transitive verbs incorporating a comparative meaning of ���������exceed, surpa,g_HuddlestonPullum_English[1128-1129, 1679],Huddleston & Pullum (2002:1128-1129, 1679),IC,JG,JLA,
GB266-stan1293,stan1293,GB266,0,GB266-0,,g_HuddlestonPullum_English[1099-1106],Huddleston & Pullum (2002:1099-1106),IC,JG,JLA,
GB270-stan1293,stan1293,GB270,0,GB270-0,,g_HuddlestonPullum_English[1106],Huddleston & Pullum (2002:1106),IC,JG,JLA,
GB273-stan1293,stan1293,GB273,1,GB273-1,,g_HuddlestonPullum_English[1104, 1122-1160],Huddleston & Pullum (2002:1104, 1122-1160),IC,JG,JLA,
GB275-stan1293,stan1293,GB275,1,GB275-1,suffix -er,g_HuddlestonPullum_English[1107],Huddleston & Pullum (2002:1107),IC,JG,JLA,
GB276-stan1293,stan1293,GB276,0,GB276-0,Marker is bound,g_HuddlestonPullum_English[1107],Huddleston & Pullum (2002:1107),IC,JG,JLA,
GB285-stan1293,stan1293,GB285,0,GB285-0,,g_HuddlestonPullum_English[868-872],Huddleston & Pullum (2002:868-872),IC,JG,JLA,
GB286-stan1293,stan1293,GB286,0,GB286-0,,g_HuddlestonPullum_English[868-872],Huddleston & Pullum (2002:868-872),IC,JG,JLA,
GB291-stan1293,stan1293,GB291,0,GB291-0,,g_HuddlestonPullum_English[868-872],Huddleston & Pullum (2002:868-872),IC,JG,JLA,
GB296-stan1293,stan1293,GB296,0,GB296-0,Not labelled as ideophones, not a definable class.,g_HuddlestonPullum_English[318],Huddleston & Pullum (2002:318),IC,JG,JLA,
GB297-stan1293,stan1293,GB297,0,GB297-0,There is a construction in which the auxiliary verb is repeated and negated: He has written is, hasn't he?.,g_HuddlestonPullum_English[848, 1530],Huddleston & Pullum (2002:848, 1530),IC,JG,JLA,
GB298-stan1293,stan1293,GB298,0,GB298-0,The negator can be used in conjunction with auxiliaries, but is not itself one,g_HuddlestonPullum_English[799],Huddleston & Pullum (2002:799),IC,JG,JLA,
GB299-stan1293,stan1293,GB299,1,GB299-1,,g_HuddlestonPullum_English[807, 812-815],Huddleston & Pullum (2002:807, 812-815),IC,JG,JLA,
GB300-stan1293,stan1293,GB300,0,GB300-0,Weak suppletion: 'give' (present), 'gave' (preterite), 'given' (past participle),g_HuddlestonPullum_English[1599, 1606],Huddleston & Pullum (2002:1599, 1606),IC,JG,JLA,
GB301-stan1293,stan1293,GB301,0,GB301-0,,g_HuddlestonPullum_English[1463-1472],Huddleston & Pullum (2002:1463-1472),IC,JG,JLA,
GB302-stan1293,stan1293,GB302,1,GB302-1,,g_HuddlestonPullum_English[67-68, 77, 103-105],Huddleston & Pullum (2002:67-68, 77, 103-105),IC,JG,JLA,
GB303-stan1293,stan1293,GB303,0,GB303-0,,g_HuddlestonPullum_English[67-68, 77, 103-105],Huddleston & Pullum (2002:67-68, 77, 103-105),IC,JG,JLA,
GB304-stan1293,stan1293,GB304,1,GB304-1,,g_HuddlestonPullum_English[67-68, 246],Huddleston & Pullum (2002:67-68, 246),IC,JG,JLA,
GB305-stan1293,stan1293,GB305,1,GB305-1,,g_HuddlestonPullum_English[1483-1484],Huddleston & Pullum (2002:1483-1484),IC,JG,JLA,
GB306-stan1293,stan1293,GB306,0,GB306-0,Reciprocal pronouns are each other and one another,g_HuddlestonPullum_English[1485],Huddleston & Pullum (2002:1485),IC,JG,JLA,
GB309-stan1293,stan1293,GB309,0,GB309-0,There are multiple ways of encoding deictic of encoding distance from alternate points in time but only a single past and a singlefuture (in productive terms) as relates to the time of reference,g_HuddlestonPullum_English[125-210],Huddleston & Pullum (2002:125-210),IC,JG,JLA,
GB312-stan1293,stan1293,GB312,0,GB312-0,,g_HuddlestonPullum_English[71-212, 1596],Huddleston & Pullum (2002:71-212, 1596),IC,JG,JLA,
GB313-stan1293,stan1293,GB313,1,GB313-1,,g_HuddlestonPullum_English[471],Huddleston & Pullum (2002:471),IC,JG,JLA,
GB314-stan1293,stan1293,GB314,0,GB314-0,,g_HuddlestonPullum_English[485-499],Huddleston & Pullum (2002:485-499),IC,JG,JLA,
GB315-stan1293,stan1293,GB315,0,GB315-0,,g_HuddlestonPullum_English[485-499],Huddleston & Pullum (2002:485-499),IC,JG,JLA,
GB316-stan1293,stan1293,GB316,0,GB316-0,,g_HuddlestonPullum_English[340, 1585],Huddleston & Pullum (2002:340, 1585),IC,JG,JLA,
GB317-stan1293,stan1293,GB317,0,GB317-0,,g_HuddlestonPullum_English[340, 1585],Huddleston & Pullum (2002:340, 1585),IC,JG,JLA,
GB318-stan1293,stan1293,GB318,0,GB318-0,,g_HuddlestonPullum_English[340, 1585],Huddleston & Pullum (2002:340, 1585),IC,JG,JLA,
GB319-stan1293,stan1293,GB319,0,GB319-0,,g_HuddlestonPullum_English[340, 1585],Huddleston & Pullum (2002:340, 1585),IC,JG,JLA,
GB320-stan1293,stan1293,GB320,0,GB320-0,The grammar identifies a 'paucal determinative' (391-392), but this is clearly not obligatory.,g_HuddlestonPullum_English[391-392],Huddleston & Pullum (2002:391-392),IC,JG,JLA,
GB321-stan1293,stan1293,GB321,0,GB321-0,,g_HuddlestonPullum_English[485-499],Huddleston & Pullum (2002:485-499),IC,JG,JLA,
GB322-stan1293,stan1293,GB322,0,GB322-0,,g_HuddlestonPullum_English[131, 71-212],Huddleston & Pullum (2002:131, 71-212),IC,JG,JLA,
GB323-stan1293,stan1293,GB323,0,GB323-0,,g_HuddlestonPullum_English[131, 71-212],Huddleston & Pullum (2002:131, 71-212),IC,JG,JLA,
GB324-stan1293,stan1293,GB324,0,GB324-0,,g_HuddlestonPullum_English[902-917],Huddleston & Pullum (2002:902-917),IC,JG,JLA,
GB325-stan1293,stan1293,GB325,1,GB325-1,,g_HuddlestonPullum_English[908],Huddleston & Pullum (2002:908),IC,JG,JLA,
GB326-stan1293,stan1293,GB326,0,GB326-0,Although fronting is not obligatory, She took which car?, it is usually reserved for contexts of sustained questioning such as legal interrogations.,g_HuddlestonPullum_English[873, 902-917],Huddleston & Pullum (2002:873, 902-917),IC,JG,JLA,
GB327-stan1293,stan1293,GB327,1,GB327-1,,g_HuddlestonPullum_English[63-64],Huddleston & Pullum (2002:63-64),IC,JG,JLA,
GB328-stan1293,stan1293,GB328,0,GB328-0,,g_HuddlestonPullum_English[63-64, 331],Huddleston & Pullum (2002:63-64, 331),IC,JG,JLA,
GB329-stan1293,stan1293,GB329,0,GB329-0,,g_HuddlestonPullum_English[63-64, 1033-1095],Huddleston & Pullum (2002:63-64, 1033-1095),IC,JG,JLA,
GB330-stan1293,stan1293,GB330,0,GB330-0,,g_HuddlestonPullum_English[63-64, 1033-1095],Huddleston & Pullum (2002:63-64, 1033-1095),IC,JG,JLA,
GB331-stan1293,stan1293,GB331,1,GB331-1,,g_HuddlestonPullum_English[63-64, 1066],Huddleston & Pullum (2002:63-64, 1066),IC,JG,JLA,
GB333-stan1293,stan1293,GB333,1,GB333-1,The suffix -ty, which indicates a multiple of ten, is phonologically similar to the numeral ten although the author does not address this,g_HuddlestonPullum_English[1716],Huddleston & Pullum (2002:1716),IC,JG,JLA,
GB334-stan1293,stan1293,GB334,0,GB334-0,,g_HuddlestonPullum_English[1715-1716],Huddleston & Pullum (2002:1715-1716),IC,JG,JLA,
GB335-stan1293,stan1293,GB335,0,GB335-0,,g_HuddlestonPullum_English[1715-1716],Huddleston & Pullum (2002:1715-1716),IC,JG,JLA,
GB336-stan1293,stan1293,GB336,0,GB336-0,,g_HuddlestonPullum_English[1715-1716],Huddleston & Pullum (2002:1715-1716),IC,JG,JLA,
GB400-stan1293,stan1293,GB400,1,GB400-1,Person indexing only on 3SG present, and with help of auxilliary 'to be',g_HuddlestonPullum_English[74-201, 1579],Huddleston & Pullum (2002:74-201, 1579),IC,JG,JLA,
GB401-stan1293,stan1293,GB401,1,GB401-1,,g_HuddlestonPullum_English[35, 296, 306-307],Huddleston & Pullum (2002:35, 296, 306-307),IC,JG,JLA,
GB402-stan1293,stan1293,GB402,0,GB402-0,Weak suppletion: 'see' (present), 'saw' (preterite), 'seen' (past participle),g_HuddlestonPullum_English[1599, 1606],Huddleston & Pullum (2002:1599, 1606),IC,JG,JLA,
GB403-stan1293,stan1293,GB403,0,GB403-0,Weak suppletion: 'come' (present), 'came' (preterite),g_HuddlestonPullum_English[1599, 1604],Huddleston & Pullum (2002:1599, 1604),IC,JG,JLA,
GB408-stan1293,stan1293,GB408,1,GB408-1,,g_HuddlestonPullum_English[237, 426],Huddleston & Pullum (2002:237, 426),IC,JG,JLA,
GB409-stan1293,stan1293,GB409,0,GB409-0,,g_HuddlestonPullum_English[426, 457],Huddleston & Pullum (2002:426, 457),IC,JG,JLA,
GB410-stan1293,stan1293,GB410,1,GB410-1,,g_HuddlestonPullum_English[426, 457],Huddleston & Pullum (2002:426, 457),IC,JG,JLA,
GB415-stan1293,stan1293,GB415,0,GB415-0,,g_HuddlestonPullum_English[426, 1465],Huddleston & Pullum (2002:426, 1465),IC,JG,JLA,
GB421-stan1293,stan1293,GB421,1,GB421-1,,g_HuddlestonPullum_English[951-953],Huddleston & Pullum (2002:951-953),IC,JG,JLA,
GB422-stan1293,stan1293,GB422,0,GB422-0,,g_HuddlestonPullum_English[951-953],Huddleston & Pullum (2002:951-953),IC,JG,JLA,
GB430-stan1293,stan1293,GB430,0,GB430-0,,g_HuddlestonPullum_English[474-478],Huddleston & Pullum (2002:474-478),IC,JG,JLA,
GB431-stan1293,stan1293,GB431,0,GB431-0,,g_HuddlestonPullum_English[474-478],Huddleston & Pullum (2002:474-478),IC,JG,JLA,
GB432-stan1293,stan1293,GB432,1,GB432-1,,g_HuddlestonPullum_English[474-478],Huddleston & Pullum (2002:474-478),IC,JG,JLA,
GB433-stan1293,stan1293,GB433,0,GB433-0,,g_HuddlestonPullum_English[474-478],Huddleston & Pullum (2002:474-478),IC,JG,JLA,
GB519-stan1293,stan1293,GB519,1,GB519-1,,g_HuddlestonPullum_English[50, 52, 74-75],Huddleston & Pullum (2002:50, 52, 74-75),IC,JG,JLA,
GB520-stan1293,stan1293,GB520,0,GB520-0,,g_HuddlestonPullum_English[74-75],(Huddleston & Pullum (2002:74-75),IC,JG,JLA,
GB521-stan1293,stan1293,GB521,0,GB521-0,,g_HuddlestonPullum_English[74-75, 125-148],Huddleston & Pullum (2002:74-75, 125-148),IC,JG,JLA,
GB522-stan1293,stan1293,GB522,0,GB522-0,,g_HuddlestonPullum_English[350, 503,1281,1501],Huddleston & Pullum (2002:350, 503,1281,1501),IC,JG,JLA,
GB020-stan1289,stan1289,GB020,1,GB020-1,,g_Wheeler_Catalan[43],Wheeler 1999: 43,MM,,,
GB021-stan1289,stan1289,GB021,1,GB021-1,,g_Wheeler_Catalan[9],Wheeler 1999: 9,MM,,,
GB022-stan1289,stan1289,GB022,1,GB022-1,,g_Wheeler_Catalan[9],Wheeler 1999: 9,MM,,,
GB023-stan1289,stan1289,GB023,0,GB023-0,,g_Wheeler_Catalan[9],Wheeler 1999: 9,MM,,,
GB024-stan1289,stan1289,GB024,1,GB024-1,,g_Wheeler_Catalan[152],Wheeler 1999: 152ff.,MM,,,
GB025-stan1289,stan1289,GB025,3,GB025-3,in colloquial speech postpositional,g_Wheeler_Catalan[106-113],Wheeler 1999: 106-113,MM,,,
GB026-stan1289,stan1289,GB026,0,GB026-0,,g_Wheeler_Catalan[71],Wheeler 1999: 71ff.,MM,,,
GB027-stan1289,stan1289,GB027,1,GB027-1,,g_Wheeler_Catalan[47, 250-251],Wheeler 1999: 47, 250-251,MM,,,
GB028-stan1289,stan1289,GB028,0,GB028-0,,g_Wheeler_Catalan,Wheeler 1999: in passim,MM,,,
GB030-stan1289,stan1289,GB030,1,GB030-1,,g_Wheeler_Catalan[3],Wheeler 1999: 3,MM,,,
GB031-stan1289,stan1289,GB031,0,GB031-0,,g_Wheeler_Catalan[160],Wheeler 1999: 160,MM,,,
GB035-stan1289,stan1289,GB035,1,GB035-1,,g_Wheeler_Catalan[106-113],Wheeler 1999: 106-113,MM,,,
GB036-stan1289,stan1289,GB036,0,GB036-0,,g_Wheeler_Catalan[106-113],Wheeler 1999: 106-113,MM,,,
GB037-stan1289,stan1289,GB037,0,GB037-0,,g_Wheeler_Catalan[106-113],Wheeler 1999: 106-113,MM,,,
GB038-stan1289,stan1289,GB038,0,GB038-0,,g_Wheeler_Catalan[106-113],Wheeler 1999: 106-113,MM,,,
GB039-stan1289,stan1289,GB039,0,GB039-0,,g_Wheeler_Catalan,Wheeler 1999: in passim,MM,,,
GB041-stan1289,stan1289,GB041,1,GB041-1,,g_Wheeler_Catalan[7],Wheeler 1999: 7,MM,,,
GB042-stan1289,stan1289,GB042,1,GB042-1,,g_Wheeler_Catalan[30],Wheeler 1999: 30,MM,,,
GB043-stan1289,stan1289,GB043,0,GB043-0,,g_Wheeler_Catalan[30],Wheeler 1999: 30,MM,,,
GB044-stan1289,stan1289,GB044,1,GB044-1,,g_Wheeler_Catalan[30],Wheeler 1999: 30,MM,,,
GB046-stan1289,stan1289,GB046,0,GB046-0,,g_Wheeler_Catalan,Wheeler 1999: in passim,MM,,,
GB047-stan1289,stan1289,GB047,1,GB047-1,,g_Hualde_Catalan[349],Hualde 1992: 349ff.,MM,,,
GB048-stan1289,stan1289,GB048,1,GB048-1,,g_Hualde_Catalan[350],Hualde 1992: 350,MM,,,
GB049-stan1289,stan1289,GB049,1,GB049-1,,g_Hualde_Catalan[350],Hualde 1992: 350,MM,,,
GB051-stan1289,stan1289,GB051,1,GB051-1,,g_Wheeler_Catalan[3],Wheeler 1999: 3,MM,,,
GB052-stan1289,stan1289,GB052,0,GB052-0,,g_Wheeler_Catalan,Wheeler 1999: in passim,MM,,,
GB053-stan1289,stan1289,GB053,0,GB053-0,,g_Wheeler_Catalan[4],Wheeler 1999: 4,MM,,,
GB054-stan1289,stan1289,GB054,0,GB054-0,,g_Wheeler_Catalan,Wheeler 1999: in passim,MM,,,
GB057-stan1289,stan1289,GB057,0,GB057-0,,g_Wheeler_Catalan[150],Wheeler 1999: 150ff.,MM,,,
GB058-stan1289,stan1289,GB058,0,GB058-0,,g_Wheeler_Catalan,Wheeler 1999: in passim,MM,,,
GB059-stan1289,stan1289,GB059,1,GB059-1,,g_Wheeler_Catalan[119],Wheeler 1999: 119,MM,,,
GB065-stan1289,stan1289,GB065,3,GB065-3,,g_Wheeler_Catalan[114-120],Wheeler 1999: 114-120,MM,,,
GB068-stan1289,stan1289,GB068,0,GB068-0,,g_Wheeler_Catalan[71],Wheeler 1999: 71ff.,MM,,,
GB069-stan1289,stan1289,GB069,0,GB069-0,,g_Wheeler_Catalan[71],Wheeler 1999: 71ff.,MM,,,
GB070-stan1289,stan1289,GB070,0,GB070-0,,g_Wheeler_Catalan,Wheeler 1999: in passim,MM,,,
GB071-stan1289,stan1289,GB071,1,GB071-1,,g_Wheeler_Catalan[163],Wheeler 1999: 163,MM,,,
GB072-stan1289,stan1289,GB072,0,GB072-0,,g_Wheeler_Catalan,Wheeler 1999: in passim,MM,,,
GB073-stan1289,stan1289,GB073,0,GB073-0,,g_Wheeler_Catalan,Wheeler 1999: in passim,MM,,,
GB074-stan1289,stan1289,GB074,1,GB074-1,,g_Wheeler_Catalan[163],Wheeler 1999: 163,MM,,,
GB075-stan1289,stan1289,GB075,0,GB075-0,,g_Wheeler_Catalan,Wheeler 1999: in passim,MM,,,
GB079-stan1289,stan1289,GB079,1,GB079-1,,g_Hualde_Catalan[352-353],Hualde 1992: 352-353,MM,,,
GB080-stan1289,stan1289,GB080,0,GB080-0,,g_Hualde_Catalan,g_Wheeler_Catalan,Hualde 1992: in passim,Wheeler 1999: in passim,MM,
GB081-stan1289,stan1289,GB081,0,GB081-0,,g_Hualde_Catalan,g_Wheeler_Catalan,Hualde 1992: in passim,Wheeler 1999: in passim,MM,
GB082-stan1289,stan1289,GB082,1,GB082-1,,g_Wheeler_Catalan[297],Wheeler 1999: 297,MM,,,
GB083-stan1289,stan1289,GB083,1,GB083-1,,g_Wheeler_Catalan[300],Wheeler 1999: 300,MM,,,
GB084-stan1289,stan1289,GB084,1,GB084-1,,g_Wheeler_Catalan[302],Wheeler 1999: 302,MM,,,
GB086-stan1289,stan1289,GB086,1,GB086-1,via imperfect vs historical perfect,g_Wheeler_Catalan[300-301],Wheeler 1999: 300-301,MM,,,
GB089-stan1289,stan1289,GB089,1,GB089-1,,g_Wheeler_Catalan[288-291],Wheeler 1999: 288-291,MM,,,
GB090-stan1289,stan1289,GB090,0,GB090-0,,g_Wheeler_Catalan[288-291],Wheeler 1999: 288-291,MM,,,
GB091-stan1289,stan1289,GB091,1,GB091-1,,g_Wheeler_Catalan[288-291],Wheeler 1999: 288-291,MM,,,
GB092-stan1289,stan1289,GB092,0,GB092-0,,g_Wheeler_Catalan[288-291],Wheeler 1999: 288-291,MM,,,
GB093-stan1289,stan1289,GB093,1,GB093-1,after imperatives and infinitives,g_Wheeler_Catalan[171-174],Wheeler 1999: 171-174,MM,,,
GB094-stan1289,stan1289,GB094,0,GB094-0,,g_Wheeler_Catalan[288-291],Wheeler 1999: 288-291,MM,,,
GB095-stan1289,stan1289,GB095,0,GB095-0,,g_Hualde_Catalan,g_Wheeler_Catalan,Hualde 1992: in passim,Wheeler 1999: in passim,MM,
GB096-stan1289,stan1289,GB096,0,GB096-0,,g_Hualde_Catalan,g_Wheeler_Catalan,Hualde 1992: in passim,Wheeler 1999: in passim,MM,
GB098-stan1289,stan1289,GB098,0,GB098-0,,g_Hualde_Catalan,g_Wheeler_Catalan,Hualde 1992: in passim,Wheeler 1999: in passim,MM,
GB099-stan1289,stan1289,GB099,0,GB099-0,,g_Wheeler_Catalan,Wheeler 1999: in passim,MM,,,
GB103-stan1289,stan1289,GB103,0,GB103-0,,g_Hualde_Catalan,g_Wheeler_Catalan,Hualde 1992: in passim,Wheeler 1999: in passim,MM,
GB104-stan1289,stan1289,GB104,0,GB104-0,,g_Hualde_Catalan,g_Wheeler_Catalan,Hualde 1992: in passim,Wheeler 1999: in passim,MM,
GB105-stan1289,stan1289,GB105,0,GB105-0,,g_Wheeler_Catalan[463],Wheeler 1999: 463,MM,,,
GB107-stan1289,stan1289,GB107,0,GB107-0,,g_Wheeler_Catalan[474],Wheeler 1999: 474,MM,,,
GB108-stan1289,stan1289,GB108,0,GB108-0,,g_Hualde_Catalan,g_Wheeler_Catalan,Hualde 1992: in passim,Wheeler 1999: in passim,MM,
GB109-stan1289,stan1289,GB109,0,GB109-0,,g_Wheeler_Catalan,Wheeler 1999: in passim,MM,,,
GB110-stan1289,stan1289,GB110,1,GB110-1,,g_Wheeler_Catalan[312-313],Wheeler 1999: 312-313,MM,,,
GB111-stan1289,stan1289,GB111,1,GB111-1,,g_Wheeler_Catalan[288-291],Wheeler 1999: 288-291,MM,,,
GB113-stan1289,stan1289,GB113,0,GB113-0,,g_Hualde_Catalan,g_Wheeler_Catalan,Hualde 1992: in passim,Wheeler 1999: in passim,MM,
GB114-stan1289,stan1289,GB114,0,GB114-0,,g_Hualde_Catalan,g_Wheeler_Catalan,Hualde 1992: in passim,Wheeler 1999: in passim,MM,
GB115-stan1289,stan1289,GB115,0,GB115-0,,g_Hualde_Catalan,g_Wheeler_Catalan,Hualde 1992: in passim,Wheeler 1999: in passim,MM,
GB116-stan1289,stan1289,GB116,0,GB116-0,,g_Hualde_Catalan,g_Wheeler_Catalan,Hualde 1992: in passim,Wheeler 1999: in passim,MM,
GB117-stan1289,stan1289,GB117,1,GB117-1,,g_Wheeler_Catalan[521],Wheeler 1999: 521,MM,,,
GB118-stan1289,stan1289,GB118,0,GB118-0,,g_Hualde_Catalan,g_Wheeler_Catalan,Hualde 1992: in passim,Wheeler 1999: in passim,MM,
GB119-stan1289,stan1289,GB119,1,GB119-1,,g_Wheeler_Catalan[309],Wheeler 1999: 309ff.,MM,,,
GB120-stan1289,stan1289,GB120,1,GB120-1,,g_Wheeler_Catalan[309],Wheeler 1999: 309ff.,MM,,,
GB121-stan1289,stan1289,GB121,1,GB121-1,,g_Wheeler_Catalan[309],Wheeler 1999: 309ff.,MM,,,
GB122-stan1289,stan1289,GB122,0,GB122-0,,g_Hualde_Catalan,g_Wheeler_Catalan,Hualde 1992: in passim,Wheeler 1999: in passim,MM,
GB123-stan1289,stan1289,GB123,?,,,g_Hualde_Catalan,g_Wheeler_Catalan,Hualde 1992: in passim,Wheeler 1999: in passim,MM,
GB124-stan1289,stan1289,GB124,0,GB124-0,,g_Hualde_Catalan,g_Wheeler_Catalan,Hualde 1992: in passim,Wheeler 1999: in passim,MM,
GB126-stan1289,stan1289,GB126,1,GB126-1,,g_Hualde_Catalan[81],Hualde 1992: 81,MM,,,
GB127-stan1289,stan1289,GB127,0,GB127-0,,g_Hualde_Catalan,g_Wheeler_Catalan,Hualde 1992: in passim,Wheeler 1999: in passim,MM,
GB129-stan1289,stan1289,GB129,?,,,g_Hualde_Catalan,g_Wheeler_Catalan,Hualde 1992: in passim,Wheeler 1999: in passim,MM,
GB130-stan1289,stan1289,GB130,1,GB130-1,,g_Wheeler_Catalan[458],Wheeler 1999: 458ff.,MM,,,
GB131-stan1289,stan1289,GB131,0,GB131-0,,g_Wheeler_Catalan[458],Wheeler 1999: 458ff.,MM,,,
GB132-stan1289,stan1289,GB132,1,GB132-1,,g_Wheeler_Catalan[458],Wheeler 1999: 458ff.,MM,,,
GB133-stan1289,stan1289,GB133,0,GB133-0,,g_Wheeler_Catalan[458],Wheeler 1999: 458ff.,MM,,,
GB134-stan1289,stan1289,GB134,1,GB134-1,,g_Wheeler_Catalan[458],Wheeler 1999: 458ff.,MM,,,
GB135-stan1289,stan1289,GB135,1,GB135-1,,g_Wheeler_Catalan[458],Wheeler 1999: 458ff.,MM,,,
GB136-stan1289,stan1289,GB136,1,GB136-1,,g_Wheeler_Catalan[458],Wheeler 1999: 458ff.,MM,,,
GB137-stan1289,stan1289,GB137,0,GB137-0,before the verb,g_Wheeler_Catalan[474],Wheeler 1999: 474,MM,,,
GB138-stan1289,stan1289,GB138,0,GB138-0,before the verb,g_Wheeler_Catalan[474],Wheeler 1999: 474,MM,,,
GB139-stan1289,stan1289,GB139,1,GB139-1,subjunctive is used instead of imperative,g_Wheeler_Catalan[502],Wheeler 1999: 502,MM,,,
GB140-stan1289,stan1289,GB140,1,GB140-1,,g_Wheeler_Catalan[474],Wheeler 1999: 474,MM,,,
GB146-stan1289,stan1289,GB146,0,GB146-0,,g_Hualde_Catalan,g_Wheeler_Catalan,Hualde 1992: in passim,Wheeler 1999: in passim,MM,
GB147-stan1289,stan1289,GB147,0,GB147-0,,g_Wheeler_Catalan,Wheeler 1999: in passim,MM,,,
GB148-stan1289,stan1289,GB148,0,GB148-0,,g_Wheeler_Catalan,Wheeler 1999: in passim,MM,,,
GB149-stan1289,stan1289,GB149,0,GB149-0,,g_Hualde_Catalan,g_Wheeler_Catalan,Hualde 1992: in passim,Wheeler 1999: in passim,MM,
GB150-stan1289,stan1289,GB150,1,GB150-1,,g_Wheeler_Catalan[412],Wheeler 1999: 412ff.,MM,,,
GB151-stan1289,stan1289,GB151,0,GB151-0,,g_Hualde_Catalan,g_Wheeler_Catalan,Hualde 1992: in passim,Wheeler 1999: in passim,MM,
GB152-stan1289,stan1289,GB152,0,GB152-0,,g_Hualde_Catalan,g_Wheeler_Catalan,Hualde 1992: in passim,Wheeler 1999: in passim,MM,
GB155-stan1289,stan1289,GB155,0,GB155-0,,g_Hualde_Catalan[301],Hualde 1992: 301,MM,,,
GB156-stan1289,stan1289,GB156,0,GB156-0,,g_Hualde_Catalan[301],Hualde 1992: 301,MM,,,
GB158-stan1289,stan1289,GB158,0,GB158-0,,g_Hualde_Catalan[411],Hualde 1992: 411,MM,,,
GB159-stan1289,stan1289,GB159,0,GB159-0,,g_Hualde_Catalan[411],Hualde 1992: 411,MM,,,
GB160-stan1289,stan1289,GB160,1,GB160-1,onomatopoetics,g_Hualde_Catalan[411],Hualde 1992: 411,MM,,,
GB165-stan1289,stan1289,GB165,0,GB165-0,,g_Hualde_Catalan,g_Wheeler_Catalan,Hualde 1992: in passim,Wheeler 1999: in passim,MM,
GB166-stan1289,stan1289,GB166,0,GB166-0,,g_Hualde_Catalan,g_Wheeler_Catalan,Hualde 1992: in passim,Wheeler 1999: in passim,MM,
GB167-stan1289,stan1289,GB167,0,GB167-0,,g_Hualde_Catalan,g_Wheeler_Catalan,Hualde 1992: in passim,Wheeler 1999: in passim,MM,
GB170-stan1289,stan1289,GB170,1,GB170-1,,g_Wheeler_Catalan[3],Wheeler 1999: 3,MM,,,
GB171-stan1289,stan1289,GB171,1,GB171-1,,g_Wheeler_Catalan[106-113],Wheeler 1999: 106-113,MM,,,
GB172-stan1289,stan1289,GB172,1,GB172-1,,g_Wheeler_Catalan[43],Wheeler 1999: 43,MM,,,
GB177-stan1289,stan1289,GB177,0,GB177-0,,g_Hualde_Catalan,g_Wheeler_Catalan,Hualde 1992: in passim,Wheeler 1999: in passim,MM,
GB184-stan1289,stan1289,GB184,1,GB184-1,,g_Wheeler_Catalan[71],Wheeler 1999: 71ff.,MM,,,
GB185-stan1289,stan1289,GB185,1,GB185-1,,g_Wheeler_Catalan[106-113],Wheeler 1999: 106-113,MM,,,
GB186-stan1289,stan1289,GB186,1,GB186-1,,g_Wheeler_Catalan[43],Wheeler 1999: 43,MM,,,
GB187-stan1289,stan1289,GB187,1,GB187-1,,g_Wheeler_Catalan[38],Wheeler 1999: 38,MM,,,
GB188-stan1289,stan1289,GB188,1,GB188-1,,g_Wheeler_Catalan[38],Wheeler 1999: 38,MM,,,
GB192-stan1289,stan1289,GB192,1,GB192-1,,g_Wheeler_Catalan[3],Wheeler 1999: 3ff.,MM,,,
GB193-stan1289,stan1289,GB193,3,GB193-3,,g_Wheeler_Catalan[71],Wheeler 1999: 71ff.,MM,,,
GB196-stan1289,stan1289,GB196,0,GB196-0,,g_Wheeler_Catalan[160],Wheeler 1999: 160,MM,,,
GB197-stan1289,stan1289,GB197,0,GB197-0,,g_Wheeler_Catalan[160],Wheeler 1999: 160,MM,,,
GB198-stan1289,stan1289,GB198,1,GB198-1,one and hundreds ,g_Wheeler_Catalan[151],Wheeler 1999: 151,MM,,,
GB203-stan1289,stan1289,GB203,1,GB203-1,,g_Wheeler_Catalan[126],Wheeler 1999: 126,MM,,,
GB204-stan1289,stan1289,GB204,1,GB204-1,,g_Wheeler_Catalan[121, 126],Wheeler 1999: 121, 126,MM,,,
GB250-stan1289,stan1289,GB250,1,GB250-1,,g_Wheeler_Catalan[261],Wheeler 1999: 261,MM,,,
GB252-stan1289,stan1289,GB252,0,GB252-0,,g_Wheeler_Catalan[114-120],Wheeler 1999: 114-120,MM,,,
GB253-stan1289,stan1289,GB253,1,GB253-1,,g_Wheeler_Catalan[118],Wheeler 1999: 118,MM,,,
GB254-stan1289,stan1289,GB254,0,GB254-0,,g_Wheeler_Catalan[114-120],Wheeler 1999: 114-120,MM,,,
GB256-stan1289,stan1289,GB256,0,GB256-0,,g_Wheeler_Catalan[114-120],Wheeler 1999: 114-120,MM,,,
GB257-stan1289,stan1289,GB257,1,GB257-1,,g_Wheeler_Catalan[486],Wheeler 1999: 486,MM,,,
GB260-stan1289,stan1289,GB260,0,GB260-0,,g_Wheeler_Catalan[486],Wheeler 1999: 486,MM,,,
GB262-stan1289,stan1289,GB262,1,GB262-1,in colloquial speech,g_Wheeler_Catalan[487],Wheeler 1999: 487,MM,,,
GB263-stan1289,stan1289,GB263,1,GB263-1,in colloquial speech,g_Wheeler_Catalan[486],Wheeler 1999: 486ff.,MM,,,
GB264-stan1289,stan1289,GB264,0,GB264-0,,g_Wheeler_Catalan[486],Wheeler 1999: 486ff.,MM,,,
GB265-stan1289,stan1289,GB265,0,GB265-0,,g_Wheeler_Catalan[95],Wheeler 1999: 95ff.,MM,,,
GB266-stan1289,stan1289,GB266,0,GB266-0,,g_Wheeler_Catalan[95],Wheeler 1999: 95ff.,MM,,,
GB270-stan1289,stan1289,GB270,0,GB270-0,,g_Wheeler_Catalan[95],Wheeler 1999: 95ff.,MM,,,
GB273-stan1289,stan1289,GB273,1,GB273-1,,g_Wheeler_Catalan[95],Wheeler 1999: 95ff.,MM,,,
GB275-stan1289,stan1289,GB275,0,GB275-0,,g_Wheeler_Catalan[95],Wheeler 1999: 95ff.,MM,,,
GB276-stan1289,stan1289,GB276,1,GB276-1,,g_Wheeler_Catalan[95],Wheeler 1999: 95ff.,MM,,,
GB285-stan1289,stan1289,GB285,0,GB285-0,,g_Wheeler_Catalan[486],Wheeler 1999: 486ff.,MM,,,
GB286-stan1289,stan1289,GB286,0,GB286-0,,g_Wheeler_Catalan[486],Wheeler 1999: 486ff.,MM,,,
GB291-stan1289,stan1289,GB291,0,GB291-0,,g_Wheeler_Catalan[486],Wheeler 1999: 486ff.,MM,,,
GB296-stan1289,stan1289,GB296,1,GB296-1,,g_Wheeler_Catalan[449],Wheeler 1999: 449ff.,MM,,,
GB297-stan1289,stan1289,GB297,0,GB297-0,,g_Wheeler_Catalan[486],Wheeler 1999: 486ff.,MM,,,
GB298-stan1289,stan1289,GB298,0,GB298-0,,g_Wheeler_Catalan[474],Wheeler 1999: 474,MM,,,
GB299-stan1289,stan1289,GB299,1,GB299-1,,g_Wheeler_Catalan[474],Wheeler 1999: 474,MM,,,
GB300-stan1289,stan1289,GB300,0,GB300-0,,g_Hualde_Catalan,g_Wheeler_Catalan,Hualde 1992: in passim,Wheeler 1999: in passim,MM,
GB301-stan1289,stan1289,GB301,0,GB301-0,,g_Hualde_Catalan,g_Wheeler_Catalan,Hualde 1992: in passim,Wheeler 1999: in passim,MM,
GB302-stan1289,stan1289,GB302,1,GB302-1,,g_Wheeler_Catalan[505],Wheeler 1999: 505ff.,MM,,,
GB303-stan1289,stan1289,GB303,0,GB303-0,,g_Wheeler_Catalan,Wheeler 1999: in passim,MM,,,
GB304-stan1289,stan1289,GB304,1,GB304-1,,g_Wheeler_Catalan[506],Wheeler 1999: 506,MM,,,
GB305-stan1289,stan1289,GB305,1,GB305-1,,g_Wheeler_Catalan[164],Wheeler 1999: 164,MM,,,
GB306-stan1289,stan1289,GB306,1,GB306-1,,g_Wheeler_Catalan[431],Wheeler 1999: 431,MM,,,
GB309-stan1289,stan1289,GB309,1,GB309-1,,g_Wheeler_Catalan[283],Wheeler 1999: 283ff.,MM,,,
GB312-stan1289,stan1289,GB312,1,GB312-1,,g_Wheeler_Catalan[302-303],Wheeler 1999: 302-303,MM,,,
GB313-stan1289,stan1289,GB313,1,GB313-1,,g_Wheeler_Catalan[114],Wheeler 1999: 114,MM,,,
GB314-stan1289,stan1289,GB314,0,GB314-0,,g_Wheeler_Catalan[38],Wheeler 1999: 38,MM,,,
GB315-stan1289,stan1289,GB315,0,GB315-0,,g_Wheeler_Catalan[38],Wheeler 1999: 38,MM,,,
GB316-stan1289,stan1289,GB316,0,GB316-0,,g_Hualde_Catalan,g_Wheeler_Catalan,Hualde 1992: in passim,Wheeler 1999: in passim,MM,
GB317-stan1289,stan1289,GB317,0,GB317-0,,g_Hualde_Catalan,g_Wheeler_Catalan,Hualde 1992: in passim,Wheeler 1999: in passim,MM,
GB318-stan1289,stan1289,GB318,0,GB318-0,,g_Hualde_Catalan,g_Wheeler_Catalan,Hualde 1992: in passim,Wheeler 1999: in passim,MM,
GB319-stan1289,stan1289,GB319,0,GB319-0,,g_Hualde_Catalan,g_Wheeler_Catalan,Hualde 1992: in passim,Wheeler 1999: in passim,MM,
GB320-stan1289,stan1289,GB320,0,GB320-0,,g_Hualde_Catalan,g_Wheeler_Catalan,Hualde 1992: in passim,Wheeler 1999: in passim,MM,
GB321-stan1289,stan1289,GB321,0,GB321-0,,g_Hualde_Catalan,g_Wheeler_Catalan,Hualde 1992: in passim,Wheeler 1999: in passim,MM,
GB322-stan1289,stan1289,GB322,0,GB322-0,,g_Hualde_Catalan,g_Wheeler_Catalan,Hualde 1992: in passim,Wheeler 1999: in passim,MM,
GB323-stan1289,stan1289,GB323,0,GB323-0,,g_Hualde_Catalan[1],Hualde 1992: 1ff.,MM,,,
GB324-stan1289,stan1289,GB324,0,GB324-0,,g_Hualde_Catalan,g_Wheeler_Catalan,Hualde 1992: in passim,Wheeler 1999: in passim,MM,
GB325-stan1289,stan1289,GB325,1,GB325-1,,g_Wheeler_Catalan[79, 125],Wheeler 1999: 79, 125,MM,,,
GB326-stan1289,stan1289,GB326,0,GB326-0,Clause-initial,g_Wheeler_Catalan[489],Wheeler 1999: 489ff.,MM,,,
GB327-stan1289,stan1289,GB327,1,GB327-1,,g_Wheeler_Catalan[145, 532],Wheeler 1999: 145, 532ff,MM,,,
GB328-stan1289,stan1289,GB328,0,GB328-0,,g_Wheeler_Catalan[532],Wheeler 1999: 532ff.,MM,,,
GB329-stan1289,stan1289,GB329,1,GB329-1,,g_Wheeler_Catalan[546],Wheeler 1999: 546,MM,,,
GB330-stan1289,stan1289,GB330,0,GB330-0,,g_Wheeler_Catalan[532],Wheeler 1999: 532ff.,MM,,,
GB331-stan1289,stan1289,GB331,1,GB331-1,,g_Wheeler_Catalan[534],Wheeler 1999: 534,MM,,,
GB333-stan1289,stan1289,GB333,1,GB333-1,,g_Wheeler_Catalan[150],Wheeler 1999: 150,MM,,,
GB334-stan1289,stan1289,GB334,0,GB334-0,,g_Wheeler_Catalan[150],Wheeler 1999: 150,MM,,,
GB335-stan1289,stan1289,GB335,0,GB335-0,,g_Wheeler_Catalan[150],Wheeler 1999: 150,MM,,,
GB336-stan1289,stan1289,GB336,0,GB336-0,,g_Wheeler_Catalan,Wheeler 1999: in passim,MM,,,
GB400-stan1289,stan1289,GB400,0,GB400-0,,g_Hualde_Catalan,g_Wheeler_Catalan,Hualde 1992: in passim,Wheeler 1999: in passim,MM,
GB401-stan1289,stan1289,GB401,1,GB401-1,,g_Wheeler_Catalan[1],Wheeler 1999: 1ff.,MM,,,
GB402-stan1289,stan1289,GB402,1,GB402-1,,g_Wheeler_Catalan[1],Wheeler 1999: 1ff.,MM,,,
GB403-stan1289,stan1289,GB403,1,GB403-1,,g_Wheeler_Catalan[1],Wheeler 1999: 1ff.,MM,,,
GB408-stan1289,stan1289,GB408,1,GB408-1,,g_Wheeler_Catalan[460],Wheeler 1999: 460ff.,MM,,,
GB409-stan1289,stan1289,GB409,0,GB409-0,,g_Hualde_Catalan,g_Wheeler_Catalan,Hualde 1992: in passim,Wheeler 1999: in passim,MM,
GB410-stan1289,stan1289,GB410,0,GB410-0,,g_Hualde_Catalan,g_Wheeler_Catalan,Hualde 1992: in passim,Wheeler 1999: in passim,MM,
GB415-stan1289,stan1289,GB415,1,GB415-1,,g_Wheeler_Catalan[160],Wheeler 1999: 160,MM,,,
GB421-stan1289,stan1289,GB421,1,GB421-1,,g_Wheeler_Catalan[262],Wheeler 1999: 262,MM,,,
GB422-stan1289,stan1289,GB422,0,GB422-0,,g_Wheeler_Catalan[262],Wheeler 1999: 262,MM,,,
GB430-stan1289,stan1289,GB430,0,GB430-0,,g_Wheeler_Catalan[114-120],Wheeler 1999: 114-120,MM,,,
GB431-stan1289,stan1289,GB431,0,GB431-0,,g_Wheeler_Catalan[114-120],Wheeler 1999: 114-120,MM,,,
GB432-stan1289,stan1289,GB432,0,GB432-0,,g_Wheeler_Catalan[114-120],Wheeler 1999: 114-120,MM,,,
GB433-stan1289,stan1289,GB433,0,GB433-0,,g_Wheeler_Catalan[114-120],Wheeler 1999: 114-120,MM,,,
GB519-stan1289,stan1289,GB519,0,GB519-0,,g_Hualde_Catalan,g_Wheeler_Catalan,Hualde 1992: in passim,Wheeler 1999: in passim,MM,
GB520-stan1289,stan1289,GB520,0,GB520-0,,g_Hualde_Catalan,g_Wheeler_Catalan,Hualde 1992: in passim,Wheeler 1999: in passim,MM,
GB521-stan1289,stan1289,GB521,0,GB521-0,,g_Hualde_Catalan,g_Wheeler_Catalan,Hualde 1992: in passim,Wheeler 1999: in passim,MM,
GB522-stan1289,stan1289,GB522,1,GB522-1,,g_Wheeler_Catalan[164],Wheeler 1999: 164,MM,,,